applied_row_week,WALCL,WDTGAL,RRPONTSYD,net_liquidity,growth_26w_log,growth_13w_smooth,p_raw,p_applied,p_raw_source_week
2003-02-14,713.281,3.527,2.5,707.2539999999999,,,,,
2003-02-21,730.4,4.407,2.5,723.4929999999999,,,,,2003-02-14
2003-02-28,721.98,4.95,2.5,714.53,,,,,2003-02-21
2003-03-07,722.649,5.501,2.5,714.648,,,,,2003-02-28
2003-03-14,717.014,4.775,2.5,709.739,,,,,2003-03-07
2003-03-21,729.923,3.607,1.25,725.066,,,,,2003-03-14
2003-03-28,725.019,5.927,1.25,717.842,,,,,2003-03-21
2003-04-04,732.452,6.199,1.25,725.003,,,,,2003-03-28
2003-04-11,727.826,6.872,2.25,718.7040000000001,,,,,2003-04-04
2003-04-18,745.838,8.821,2.25,734.7669999999999,,,,,2003-04-11
2003-04-25,732.222,9.285,2.25,720.687,,,,,2003-04-18
2003-05-02,746.294,10.583,2.25,733.461,,,,,2003-04-25
2003-05-09,733.466,6.05,2.25,725.166,,,,,2003-05-02
2003-05-16,740.371,7.199,2.25,730.922,,,,,2003-05-09
2003-05-23,734.699,7.608,2.25,724.841,,,,,2003-05-16
2003-05-30,744.896,4.825,2.25,737.8209999999999,,,,,2003-05-23
2003-06-06,731.667,6.126,1.25,724.291,,,,,2003-05-30
2003-06-13,743.236,6.031,1.25,735.955,,,,,2003-06-06
2003-06-20,735.926,8.086,2.25,725.59,,,,,2003-06-13
2003-06-27,744.018,5.306,3.5,735.212,,,,,2003-06-20
2003-07-04,740.126,5.707,3.5,730.919,,,,,2003-06-27
2003-07-11,744.43,6.356,3.5,734.574,,,,,2003-07-04
2003-07-18,737.765,5.724,3.5,728.5409999999999,,,,,2003-07-11
2003-07-25,745.665,6.058,3.5,736.107,,,,,2003-07-18
2003-08-01,740.295,6.174,3.5,730.621,,,,,2003-07-25
2003-08-08,734.018,6.4,3.5,724.118,,,,,2003-08-01
2003-08-15,735.386,5.72,3.5,726.1659999999999,0.0263887729516643,,,,2003-08-08
2003-08-22,750.825,6.533,3.5,740.792,0.0236290133029044,,,,2003-08-15
2003-08-29,740.637,5.441,3.5,731.6959999999999,0.0237401432614532,,,,2003-08-22
2003-09-05,750.461,4.525,3.5,742.436,0.038146557897152,,,,2003-08-29
2003-09-12,737.234,5.039,3.5,728.695,0.026357966300413,,,,2003-09-05
2003-09-19,743.939,7.247,3.5,733.192,0.0111449196372365,,,,2003-09-12
2003-09-26,741.193,6.837,3.5,730.856,0.0179669607984324,,,,2003-09-19
2003-10-03,753.155,4.922,3.5,744.733,0.0268499721038866,,,,2003-09-26
2003-10-10,737.108,4.935,3.5,728.673,0.0137754816414197,,,,2003-10-03
2003-10-17,754.229,4.857,3.5,745.8720000000001,0.0150005615596506,,,,2003-10-10
2003-10-24,743.578,5.123,3.5,734.9549999999999,0.0196043490996298,,,,2003-10-17
2003-10-31,747.272,5.672,3.5,738.1,0.0063048903406821,,,,2003-10-24
2003-11-07,744.116,4.615,2.75,736.751,0.0158493847660915,0.0203660748969704,,,2003-10-31
2003-11-14,745.604,4.614,2.75,738.24,0.0099622240751707,0.0191024942141633,,,2003-11-07
2003-11-21,744.521,5.175,2.75,736.596,0.0160872531827152,0.0185223588203025,,,2003-11-14
2003-11-28,756.964,5.377,2.75,748.8370000000001,0.0148200885801786,0.0178362007678968,,,2003-11-21
2003-12-05,749.981,4.374,2.75,742.857,0.0253103178728331,0.0168487976891031,,,2003-11-28
2003-12-12,756.585,5.162,2.75,748.673,0.017133330522701,0.0161392103215867,,,2003-12-05
2003-12-19,753.919,7.455,1.75,744.7139999999999,0.0260151350484216,0.0172830730455241,,,2003-12-12
2003-12-26,767.012,4.67,1.75,760.592,0.0339381844292481,0.018511628709433,,,2003-12-19
2004-01-02,771.551,5.723,1.75,764.0780000000001,0.0443672316994224,0.0198591102167819,,,2003-12-26
2004-01-09,755.829,4.915,2.5,748.414,0.0186655614511683,0.0202352702021471,,,2004-01-02
2004-01-16,752.812,5.398,2.25,745.164,0.0225604243027115,0.0208167981054595,,,2004-01-09
2004-01-23,775.833,7.74,2.25,765.843,0.039601699300792,0.0223550558132412,,,2004-01-16
2004-01-30,755.279,5.247,2.25,747.782,0.0232166341996075,0.0236559591870047,,,2004-01-23
2004-02-06,754.153,5.728,2.25,746.1750000000001,0.0300057946127578,0.0247449137905944,,,2004-01-30
2004-02-13,750.999,5.247,2.25,743.5020000000001,0.0235928170503386,0.0257934209425304,,,2004-02-06
2004-02-20,758.759,5.004,2.25,751.505,0.014357978393253,0.0256603998048795,,,2004-02-13
2004-02-27,750.666,5.209,2.25,743.2070000000001,0.0156094790313823,0.0257211221472798,,,2004-02-20
2004-03-05,754.867,4.698,2.25,747.919,0.0073580116651393,0.0243401755159187,,,2004-02-27
2004-03-12,749.95,4.415,2.25,743.2850000000001,0.0198242881320238,0.0245471722550974,,,2004-03-05
2004-03-19,760.638,6.415,2.25,751.9730000000001,0.0252928142186646,0.0244916091143468,,,2004-03-12
2004-03-26,751.51,4.404,2.25,744.856,0.0189744611857685,0.023340553480233,,,2004-03-19
2004-04-02,760.725,5.884,2.25,752.591,0.0104961546630832,0.0207350860158992,,,2004-03-26
2004-04-09,754.083,4.561,2.25,747.2719999999999,0.0252041703104789,0.0212380559281539,,,2004-04-02
2004-04-16,763.734,4.902,2.25,756.582,0.0142569175610915,0.020599324640337,,,2004-04-09
2004-04-23,757.984,5.886,2.25,749.8480000000001,0.0200612464752803,0.0190962128845284,,,2004-04-16
2004-04-30,772.927,6.54,2.25,764.1370000000001,0.0346677756864448,0.0199770699219774,,,2004-04-23
2004-05-07,758.838,5.96,2.25,750.6279999999999,0.0186602105662991,0.0191043326876344,,,2004-04-30
2004-05-14,764.835,4.949,2.25,757.6360000000001,0.0259340842369212,0.0192844301635254,,,2004-05-07
2004-05-21,756.874,4.451,2.25,750.173,0.0182642729570253,0.0195849143607387,,,2004-05-14
2004-05-28,771.108,4.844,2.25,764.0139999999999,0.0200647772701638,0.0199276296098757,,,2004-05-21
2004-06-04,764.09,1.592,2.25,760.248,0.0231411326339382,0.0211417158382449,,,2004-05-28
2004-06-11,772.187,5.215,2.25,764.722,0.0212100630103955,0.0212483139058119,,,2004-06-04
2004-06-18,761.834,7.067,2.25,752.5169999999999,0.0104233356735009,0.0201045078638762,,,2004-06-11
2004-06-25,775.261,7.202,2.25,765.809,0.0068357139631605,0.0191707580775218,,,2004-06-18
2004-07-02,779.578,6.032,2.25,771.2959999999999,0.009402338680883,0.0190866183865833,,,2004-06-25
2004-07-09,778.163,2.915,2.25,772.998,0.0323201604629599,0.0196340022444665,,,2004-07-02
2004-07-16,775.536,5.369,2.25,767.9169999999999,0.0300773260089434,0.0208509567404551,,,2004-07-09
2004-07-23,776.764,4.879,2.25,769.635,0.0049391885901347,0.0196877215185208,,,2004-07-16
2004-07-30,773.916,4.447,2.25,767.219,0.0256607969969787,0.0189948770039465,,,2004-07-23
2004-08-06,772.085,5.081,2.25,764.754,0.0245940563412738,0.0194513266789445,,,2004-07-30
2004-08-13,769.265,4.617,2.25,762.398,0.0250972731652762,0.0193869565965103,,,2004-08-06
2004-08-20,767.595,4.665,2.25,760.6800000000001,0.012134907553233,0.0189154669500647,,,2004-08-13
2004-08-27,775.437,3.668,2.25,769.519,0.0347910381470421,0.0200482562482861,,,2004-08-20
2004-09-03,785.273,6.374,2.25,776.649,0.0376938275110371,0.0211676943157553,,,2004-08-27
2004-09-10,788.602,3.701,2.25,782.651,0.0516073237932778,0.0235059451452078,,,2004-09-03
2004-09-17,789.128,7.626,2.25,779.2520000000001,0.0356340661646255,0.0254452321060635,,,2004-09-10
2004-09-24,782.124,4.845,2.25,775.029,0.0397095369017906,0.0279739877167274,,,2004-09-17
2004-10-01,786.33,5.436,2.25,778.644,0.0340320257231567,0.0298685790276715,,,2004-09-24
2004-10-08,781.777,5.576,2.25,773.951,0.0350793220768114,0.030080822228737,,,2004-10-01
2004-10-15,795.483,5.466,2.25,787.7669999999999,0.0403914395816001,0.0308742155804798,,,2004-10-08
2004-10-22,784.954,4.785,2.25,777.919,0.0367518863236801,0.0333213461753679,,,2004-10-15
2004-10-29,791.336,4.582,2.25,784.504,0.0263045784866744,0.0333708678284214,,,2004-10-22
2004-11-05,790.552,4.971,2.25,783.331,0.0426451502465508,0.0347594135134428,,,2004-10-29
2004-11-12,800.473,4.565,2.25,793.6579999999999,0.0464495787552173,0.0364018985588228,,,2004-11-05
2004-11-19,794.09,4.851,2.25,786.989,0.0479104245938292,0.0391538614080995,,,2004-11-12
2004-11-26,809.956,4.575,2.25,803.131,0.049931725266842,0.0403185296480841,,,2004-11-19
2004-12-03,807.063,5.264,2.25,799.549,0.0504031228607156,0.0412961677519055,,,2004-11-26
2004-12-10,808.495,4.831,2.25,801.414,0.0468652983895361,0.0409313965670023,,,2004-12-03
2004-12-17,807.028,5.019,2.25,799.759,0.0608868445530549,0.0428739179814969,,,2004-12-10
2004-12-24,811.333,4.047,2.25,805.036,0.0499542055256168,0.0436619694140989,,,2004-12-17
2004-12-31,810.944,5.734,2.25,802.9599999999999,0.0402326826285656,0.0441389430222073,,,2004-12-24
2005-01-07,815.702,4.791,2.25,808.661,0.0451033321297595,0.0449100207185879,,,2004-12-31
2005-01-14,798.455,4.951,2.25,791.254,0.0299373743471601,0.0441058618544002,,,2005-01-07
2005-01-21,806.96,5.142,2.25,799.568,0.0381552053275436,0.044213809470082,,,2005-01-14
2005-01-28,807.262,5.117,2.25,799.895,0.0417081804107159,0.0453987019257775,,,2005-01-21
2005-02-04,804.746,5.097,2.25,797.399,0.041800967385915,0.0453337647826517,,,2005-01-28
2005-02-11,797.299,4.747,2.25,790.302,0.0359464218505843,0.0445258296361414,,,2005-02-04
2005-02-18,795.606,5.01,2.25,788.346,0.0357243096980418,0.0435884361826193,,,2005-02-11
2005-02-25,804.576,4.487,2.25,797.839,0.0361411783765579,0.0425276248833667,,,2005-02-18
2005-03-04,801.252,4.906,2.25,794.096,0.0222158498876962,0.0403593731162114,,,2005-02-25
2005-03-11,799.25,4.599,2.25,792.401,0.0123807017687352,0.0377067118376882,,,2005-03-04
2005-03-18,807.211,4.746,2.25,800.215,0.0265459563465418,0.0350651050525718,,,2005-03-11
2005-03-25,797.094,4.677,2.25,790.167,0.0193438675178052,0.0327104636673556,,,2005-03-18
2005-04-01,807.551,5.198,2.25,800.1030000000001,0.0271865241130828,0.0317069130123184,,,2005-03-25
2005-04-08,797.327,4.53,2.25,790.547,0.0212165468303839,0.0298694679892895,,,2005-04-01
2005-04-15,805.707,4.926,2.25,798.531,0.0135714288390384,0.0286105491040494,,,2005-04-08
2005-04-22,801.793,4.102,2.25,795.441,0.0222742721891675,0.0273889388626359,,,2005-04-15
2005-04-29,809.797,6.356,2.25,801.191,0.0210476996291702,0.0257996711102093,,,2005-04-22
2005-05-06,802.412,4.618,2.25,795.544,0.0154708176310618,0.0237742749752205,,,2005-04-29
2005-05-13,808.378,4.998,2.25,801.13,0.0093705930506669,0.02172998045215,,,2005-05-06
2005-05-20,801.546,5.08,2.25,794.216,0.0091411933617623,0.0196851253493592,,,2005-05-13
2005-05-27,810.16,5.518,2.25,802.3919999999999,-0.0009205723645056,0.0168342214462005,,,2005-05-20
2005-06-03,817.335,4.039,2.25,811.046,0.0142769539043844,0.0162235371397919,,,2005-05-27
2005-06-10,814.172,4.626,2.25,807.296,0.0073127241231758,0.0158336927055181,,,2005-06-03
2005-06-17,811.198,9.849,2.25,799.0989999999999,-0.0008255893112308,0.0137281891933817,,,2005-06-10
2005-06-24,810.429,5.099,2.25,803.0799999999999,-0.0024326615301485,0.0120530715743084,,,2005-06-17
2005-07-01,810.082,4.173,2.25,803.659,0.0008701503518938,0.01002873513114,,,2005-06-24
2005-07-08,821.556,4.544,2.25,814.7620000000001,0.0075162526618038,0.0089748663489415,,,2005-07-01
2005-07-15,808.861,4.79,2.25,801.821,0.0132663621976517,0.0089513996842195,,,2005-07-08
2005-07-22,816.804,4.66,2.25,809.894,0.0128317930900694,0.008225055138135,,,2005-07-15
2005-07-29,814.259,4.417,2.25,807.592,0.0095765114417194,0.0073426560467926,,,2005-07-22
2005-08-05,818.841,4.813,2.25,811.778,0.0178717228958536,0.0075273410671612,,,2005-07-29
2005-08-12,808.544,5.679,2.25,800.615,0.0129650314387188,0.0078038363277806,,,2005-08-05
2005-08-19,813.774,5.669,2.25,805.855,0.0219667457960141,0.0087904172842615,,,2005-08-12
2005-08-26,811.313,4.603,2.25,804.46,0.0082644221644696,0.0094969553249519,,,2005-08-19
2005-09-02,823.237,5.65,2.25,815.337,0.0263971639675754,0.0104292791759666,,,2005-08-26
2005-09-09,822.5,4.445,2.25,815.805,0.0291077790053568,0.0121058218592113,,,2005-09-02
2005-09-16,823.59,5.319,2.25,816.0210000000001,0.0195596483659626,0.0136739170651493,,,2005-09-09
2005-09-23,812.926,5.718,2.25,804.9580000000001,0.0185457866185097,0.0152876438458153,,,2005-09-16
2005-09-30,823.771,4.479,2.25,817.0419999999999,0.0209500317470598,0.0168322501069819,,,2005-09-23
2005-10-07,817.137,4.786,2.25,810.101,0.0244338203286207,0.0181336014659678,,,2005-09-30
2005-10-14,826.306,5.265,2.25,818.791,0.0250550723373434,0.0190404253228672,,,2005-10-07
2005-10-21,814.281,4.469,2.25,807.5619999999999,0.0151231544982491,0.0192166838927272,,,2005-10-14
2005-10-28,819.105,4.727,2.25,812.128,0.0135585926281971,0.0195229978301485,,,2005-10-21
2005-11-04,814.571,4.499,2.25,807.822,0.0153155798491212,0.0193263714419383,,,2005-10-28
2005-11-11,824.991,5.388,2.25,817.353,0.0200478390605248,0.0198712027974619,,,2005-11-04
2005-11-18,823.263,4.416,2.25,816.597,0.0277902405562904,0.0203191639328678,,,2005-11-11
2005-11-25,833.124,4.162,2.25,826.712,0.0298591211887152,0.0219802946270405,,,2005-11-18
2005-12-02,835.059,4.634,2.25,828.175,0.0208997121049055,0.0215574137145274,,,2005-11-25
2005-12-09,833.25,5.076,2.25,825.924,0.0228123680014659,0.0210731513296127,,,2005-12-02
2005-12-16,830.95,4.99,2.25,823.71,0.0303336832440672,0.0219019232433131,,,2005-12-09
2005-12-23,848.317,5.29,2.25,840.777,0.0458721289031166,0.0240039495728982,,,2005-12-16
2005-12-30,847.7,4.243,2.25,841.207,0.0456627153820368,0.0259049252371272,,,2005-12-23
2006-01-06,851.856,3.922,2.25,845.684,0.0372497213171882,0.0268907637747093,,,2005-12-30
2006-01-13,829.357,4.465,2.25,822.6419999999999,0.0256357211795823,0.0269354290702662,,,2006-01-06
2006-01-20,836.042,5.429,2.25,828.363,0.0225480892051301,0.0275065778938724,,,2006-01-13
2006-01-27,828.901,5.266,2.25,821.385,0.0169349593553551,0.0277662984113461,,,2006-01-20
2006-02-03,831.808,5.095,2.25,824.463,0.0155053615439025,0.0277808970032524,,,2006-01-27
2006-02-10,827.613,3.973,2.25,821.3900000000001,0.0256178447808553,0.0282093589817393,,,2006-02-03
2006-02-17,835.24,5.125,2.25,827.865,0.0269462720358345,0.0281444383263196,,,2006-02-10
2006-02-24,840.555,4.334,2.25,833.971,0.0360273846987666,0.0286189201347851,,,2006-02-17
2006-03-03,839.356,5.427,2.25,831.679,0.019845024359789,0.0285377903082377,,,2006-02-24
2006-03-10,839.234,4.851,2.25,832.133,0.0198169279970164,0.028307371846357,,,2006-03-03
2006-03-17,843.01,2.844,2.25,837.9159999999999,0.0264777668672901,0.0280107628942972,,,2006-03-10
2006-03-24,838.003,4.414,2.25,831.339,0.0322475517634891,0.0269627184989412,,,2006-03-17
2006-03-31,833.675,4.619,2.25,826.8059999999999,0.011879583547914,0.0243640160501625,,,2006-03-24
2006-04-07,834.589,4.663,2.25,827.676,0.0214628422067214,0.0231496407339728,,,2006-03-31
2006-04-14,836.862,4.334,2.25,830.278,0.0139317224383189,0.022249333138491,,,2006-04-07
2006-04-21,836.352,5.245,2.25,828.857,0.0260278109365381,0.022517004040907,,,2006-04-14
2006-04-28,844.572,5.61,2.25,836.712,0.0298219620502984,0.023508311940518,,,2006-04-21
2006-05-05,843.867,5.215,2.25,836.4019999999999,0.0347676215295646,0.0249900242471074,,,2006-04-28
2006-05-12,838.405,4.931,2.25,831.2239999999999,0.0168282431966828,0.0243139010483249,,,2006-05-05
2006-05-19,838.153,5.055,2.25,830.8480000000001,0.0173011608615089,0.0235719694195306,,,2006-05-12
2006-05-26,840.251,5.188,2.25,832.813,0.0073527394723097,0.021366227479034,,,2006-05-19
2006-06-02,851.58,2.637,2.25,846.6930000000001,0.0221136885125708,0.021540740106171,,,2006-05-26
2006-06-09,849.074,5.552,2.25,841.2719999999999,0.0184122725745723,0.0214326896890599,,,2006-06-02
2006-06-16,845.869,4.468,2.25,839.1510000000001,0.0185721402196701,0.0208245645623199,,,2006-06-09
2006-06-23,844.773,5.385,2.25,837.138,-0.0043375328373626,0.0180103272853313,,,2006-06-16
2006-06-30,844.436,4.879,2.25,837.307,-0.0046469758586136,0.0167390534848292,,,2006-06-23
2006-07-07,851.659,5.528,2.25,843.881,-0.0021342779761773,0.014923890393837,,,2006-06-30
2006-07-14,844.391,5.024,2.25,837.117,0.0174427335516054,0.0151939681717821,,,2006-07-07
2006-07-21,849.894,5.272,2.25,842.372,0.0167702577901694,0.0144818486989845,,,2006-07-14
2006-07-28,841.552,4.824,2.25,834.4780000000001,0.0158144398117388,0.0134043469883261,,,2006-07-21
2006-08-04,850.263,5.471,2.25,842.542,0.0216912473055347,0.0123984720480161,,,2006-07-28
2006-08-11,840.006,2.907,2.25,834.8489999999999,0.0162528430624291,0.0123542104992273,,,2006-08-04
2006-08-18,842.876,4.443,2.25,836.183,0.0099973910372623,0.0117923820512084,,,2006-08-11
2006-08-25,837.987,4.943,2.25,830.794,-0.0038167595507899,0.0109331898186622,,,2006-08-18
2006-09-01,850.925,4.919,2.25,843.756,0.014416804205697,0.0103411217950566,,,2006-08-25
2006-09-08,848.594,4.373,2.25,841.971,0.011753288029101,0.0098288922146357,,,2006-09-01
2006-09-15,840.886,4.69,2.25,833.9459999999999,-0.0047492047333153,0.0080349426028676,,,2006-09-08
2006-09-22,838.192,5.216,2.25,830.726,-0.0007376366481394,0.0083118576943463,,,2006-09-15
2006-09-29,849.971,4.585,2.25,843.136,0.0195581889028415,0.0101737934452275,,,2006-09-22
2006-10-06,842.296,6.222,2.25,833.8240000000001,0.0074005754555658,0.0109072437092077,,,2006-09-29
2006-10-13,859.339,4.103,2.25,852.9860000000001,0.0269825502259136,0.0116410757610776,,,2006-10-06
2006-10-20,844.2,5.54,2.25,836.4100000000001,0.0090712802132585,0.0110488467166998,,,2006-10-13
2006-10-27,852.648,5.346,2.25,845.052,0.0099182386685068,0.010595292782605,,,2006-10-20
2006-11-03,855.536,5.007,2.25,848.279,0.0141002323621278,0.0100113685561891,,,2006-10-27
2006-11-10,858.63,4.624,2.25,851.756,0.0244007875513793,0.0106381335168776,,,2006-11-03
2006-11-17,855.551,4.82,2.25,848.481,0.0210008259953398,0.0114845515905759,,,2006-11-10
2006-11-24,865.126,4.128,2.25,858.7479999999999,0.0306663873980076,0.014137101355868,,,2006-11-17
2006-12-01,856.671,4.807,2.25,849.614,0.0034439554716485,0.0132930360686335,,,2006-11-24
2006-12-08,862.178,4.523,2.25,855.405,0.0166600088171665,0.0136704761292539,,,2006-12-01
2006-12-15,853.851,4.5,2.25,847.101,0.009429265499441,0.0147611276856198,,,2006-12-08
2006-12-22,865.01,5.436,2.25,857.324,0.0238269787093371,0.0166507134823488,,,2006-12-15
2006-12-29,869.988,4.47,2.25,863.268,0.0305343981053875,0.01749503726716,,,2006-12-22
2007-01-05,874.626,6.156,2.25,866.22,0.0261274284752508,0.0189355644225204,,,2006-12-29
2007-01-12,854.819,4.999,2.25,847.5699999999999,0.012409586047254,0.0178145671780081,,,2007-01-05
2007-01-19,859.363,5.533,2.25,851.58,0.0108717256384342,0.0179530629799447,,,2007-01-12
2007-01-26,851.755,5.412,2.25,844.093,0.0114562984362858,0.0180713752697739,,,2007-01-19
2007-02-02,865.73,6.053,2.25,857.427,0.0175125316048809,0.0183338598269087,,,2007-01-26
2007-02-09,855.057,5.255,2.25,847.552,0.0151013241302183,0.0176185164868194,,,2007-02-02
2007-02-16,867.199,5.102,2.25,859.847,0.0279069777922576,0.0181497589327361,,,2007-02-09
2007-02-23,869.235,5.304,2.25,861.681,0.0365032625443334,0.0185987493286074,,,2007-02-16
2007-03-02,877.409,5.194,2.25,869.965,0.0305896276817616,0.0206868779601545,,,2007-02-23
2007-03-09,864.505,4.449,2.25,857.806,0.018632394851794,0.0208385999628182,,,2007-03-02
2007-03-16,876.108,5.113,2.25,868.7449999999999,0.0408809894057034,0.023257963340223,,,2007-03-09
2007-03-23,863.067,4.721,2.25,856.096,0.0300825021264,0.0237391574492278,,,2007-03-16
2007-03-30,869.803,4.772,2.25,862.781,0.0230326193684396,0.0231620975463857,,,2007-03-23
2007-04-06,862.319,4.973,2.25,855.096,0.0251913944220331,0.0230900949269074,,,2007-03-30
2007-04-13,865.441,4.758,2.25,858.433,0.0063654994977873,0.022625165192333,,,2007-04-06
2007-04-20,861.335,5.235,2.25,853.85,0.0206366108483287,0.0233763102084787,,,2007-04-13
2007-04-27,879.686,12.25,2.25,865.186,0.0235463487929138,0.0243063140820655,,,2007-04-20
2007-05-04,890.857,25.35,5.75,859.757,0.013440200066816,0.0239930578099067,,,2007-04-27
2007-05-11,875.27,4.726,5.75,864.794,0.0151912274437973,0.0239999734494128,,,2007-05-04
2007-05-18,859.559,4.125,1.5,853.934,0.006406215463402,0.0223460686548854,,,2007-05-11
2007-05-25,873.935,4.312,1.5,868.1229999999999,0.0108578951229337,0.0203733480840085,,,2007-05-18
2007-06-01,876.986,4.637,1.5,870.849,0.0246864691790953,0.0199192589684188,,,2007-05-25
2007-06-08,872.706,5.396,1.5,865.8100000000001,0.0120904439583932,0.0194160319766187,,,2007-06-01
2007-06-15,864.989,4.742,1.5,858.7470000000001,0.0136544181456966,0.0173216803412336,,,2007-06-08
2007-06-22,866.089,6.022,1.5,858.567,0.0014488102302847,0.015119088656917,,,2007-06-15
2007-06-29,865.105,4.039,1.5,859.566,-0.0042975767807415,0.0130167658762108,,,2007-06-22
2007-07-06,876.611,4.117,1.5,870.994,0.0054961703252435,0.0115017486379962,,,2007-06-29
2007-07-13,869.407,4.914,1.5,862.993,0.0180331480967101,0.0123992600686826,,,2007-07-06
2007-07-20,872.916,4.1,1.5,867.316,0.0183099380382143,0.0122202852371353,,,2007-07-13
2007-07-27,863.89,4.931,1.5,857.459,0.0157106863869269,0.0116175419751363,,,2007-07-20
2007-08-03,870.261,4.769,1.5,863.992,0.0076274652810352,0.0111704085300762,,,2007-07-27
2007-08-10,865.453,4.67,1.5,859.283,0.0137461262742354,0.0110592469016484,,,2007-08-03
2007-08-17,864.931,5.109,1.5,858.322,-0.001775145984426,0.0104299114056616,,,2007-08-10
2007-08-24,862.775,5.329,1.5,855.946,-0.0066778425257633,0.009081008509608,,,2007-08-17
2007-08-31,872.873,4.924,1.5,866.4490000000001,-0.0040497310034275,0.0068705315724909,,,2007-08-24
2007-09-07,871.156,4.489,1.5,865.1669999999999,0.0085445851855566,0.0065977732053496,,,2007-08-31
2007-09-14,886.314,5.188,1.5,879.626,0.0124471756673995,0.0065049083993267,,,2007-09-07
2007-09-21,867.732,4.455,1.5,861.7769999999999,0.0066140171126762,0.0069022320056645,,,2007-09-14
2007-09-28,889.9,4.943,1.5,883.457,0.02368172756646,0.0090544861862185,,,2007-09-21
2007-10-05,869.051,5.645,1.5,861.9060000000001,0.0079324726580425,0.0092418940579723,,,2007-09-28
2007-10-12,886.363,4.166,1.5,880.697,0.0256050052307427,0.009824344606744,,,2007-10-05
2007-10-19,869.509,5.105,1.5,862.904,0.0105479107016174,0.009227265580852,,,2007-10-12
2007-10-26,881.395,4.737,1.5,875.158,0.011459928766915,0.0089002842254664,,,2007-10-19
2007-11-02,883.385,4.307,1.5,877.578,0.0205160490975806,0.0098917137498161,,,2007-10-26
2007-11-09,885.724,4.902,1.5,879.322,0.0166598276935799,0.0101158446282272,,,2007-11-02
2007-11-16,889.537,5.54,1.5,882.4970000000001,0.0329014819385551,0.0127832775453796,,,2007-11-09
2007-11-23,891.028,5.324,1.5,884.2040000000001,0.0183543955550299,0.0147088343208252,,,2007-11-16
2007-11-30,879.417,4.711,1.5,873.206,0.0027028980564864,0.015228267325434,,,2007-11-23
2007-12-07,882.764,5.079,1.5,876.1850000000001,0.0119117709013932,0.0154872816112676,,,2007-11-30
2007-12-14,881.75,4.333,1.5,875.917,0.0197969875083119,0.0160526517528762,,,2007-12-07
2007-12-21,887.983,4.586,1.5,881.8969999999999,0.0268105487513658,0.0176062311096985,,,2007-12-14
2007-12-28,890.662,4.529,1.5,884.633,0.0287452590295128,0.0179957335299333,,,2007-12-21
2008-01-04,922.187,7.277,1.5,913.41,0.0475497606019244,0.0210432172179242,,,2007-12-28
2008-01-11,880.754,5.363,1.5,873.891,0.0125490741086221,0.020038914823915,,,2008-01-04
2008-01-18,893.581,5.674,1.5,886.407,0.0217728274963149,0.0209023699619686,,,2008-01-11
2008-01-25,877.253,4.871,1.5,870.8820000000001,0.0155331267249844,0.0212156928818201,,,2008-01-18
2008-02-01,900.264,5.082,1.5,893.682,0.0337864976956765,0.0222364966201352,,,2008-01-25
2008-02-08,871.022,4.841,1.5,864.681,0.0062623322076499,0.0214366892750636,62.612612612612615,,2008-02-01
2008-02-15,883.005,4.979,1.5,876.526,0.0209870468963913,0.0205201942718203,54.7085201793722,62.612612612612615,2008-02-08
2008-02-22,878.949,4.525,1.5,872.924,0.0196412058819979,0.020619179681587,55.35714285714285,54.7085201793722,2008-02-15
2008-02-29,893.825,5.103,1.5,887.2220000000001,0.0236919828923305,0.0222337246689597,65.33333333333333,55.35714285714285,2008-02-22
2008-03-07,881.208,4.794,1.5,874.914,0.0112030439316524,0.0221792072097488,65.04424778761062,65.33333333333333,2008-02-29
2008-03-14,896.565,5.249,1.5,889.816,0.0115178826450115,0.021542352989495,62.99559471365639,65.04424778761062,2008-03-07
2008-03-21,888.646,5.364,7.25,876.0319999999999,0.0164060834507242,0.0207420095048302,55.70175438596491,62.99559471365639,2008-03-14
2008-03-28,893.965,4.944,7.25,881.7710000000001,-0.0019102354060601,0.0183838945482477,37.99126637554585,55.70175438596491,2008-03-21
2008-04-04,883.708,6.013,3.75,873.9449999999999,0.0138712286200831,0.0157932382419522,27.82608695652174,37.99126637554585,2008-03-28
2008-04-11,893.029,3.437,3.75,885.842,0.0058249657070418,0.0152759991341383,26.83982683982684,27.82608695652174,2008-04-04
2008-04-18,881.904,4.614,3.75,873.54,0.0122504762784239,0.0145435105789159,24.13793103448276,26.83982683982684,2008-04-11
2008-04-25,885.781,5.57,3.75,876.4609999999999,0.0014877667350532,0.0134630982719982,21.888412017167383,24.13793103448276,2008-04-18
2008-05-02,888.131,4.955,3.75,879.4259999999999,0.0021035816440467,0.0110259508834113,14.102564102564102,21.888412017167383,2008-04-25
2008-05-09,889.228,5.73,3.75,879.7479999999999,0.000484346851834,0.0105814904714254,12.340425531914894,14.102564102564102,2008-05-02
2008-05-16,880.175,4.02,3.75,872.405,-0.0115016237412859,0.0080823619608349,3.389830508474576,12.340425531914894,2008-05-09
2008-05-23,898.487,4.42,3.75,890.317,0.0068897738392188,0.0071014825729288,1.6877637130801688,3.389830508474576,2008-05-16
2008-05-30,904.054,4.415,3.75,895.889,0.025645025441872,0.0072517166152012,2.100840336134454,1.6877637130801688,2008-05-23
2008-06-06,895.939,5.278,3.75,886.911,0.012167383202526,0.0073258965591145,2.510460251046025,2.100840336134454,2008-05-30
2008-06-13,890.61,4.369,3.75,882.491,0.007477252866178,0.0070150788838197,1.6666666666666667,2.510460251046025,2008-06-06
2008-06-20,902.304,4.172,3.75,894.382,0.0140577078325867,0.0068344346055014,0.8298755186721992,1.6666666666666667,2008-06-13
2008-06-27,892.713,4.208,3.75,884.755,0.0001379007885136,0.0069919835435455,2.066115702479338,0.8298755186721992,2008-06-20
2008-07-04,902.962,4.139,3.75,895.073,-0.0202795696024629,0.0043649990648881,0.0,2.066115702479338,2008-06-27
2008-07-11,898.034,4.355,3.75,889.929,0.0181860303437768,0.0053158501907908,0.4098360655737705,0.0,2008-07-04
2008-07-18,910.681,4.036,3.75,902.895,0.0184300545125321,0.0057912023626453,0.8163265306122449,0.4098360655737705,2008-07-11
2008-07-25,899.665,6.72,3.75,889.1949999999999,0.0208100678313901,0.0072775332162097,4.878048780487805,0.8163265306122449,2008-07-18
2008-08-01,918.625,4.271,3.75,910.604,0.0187581084015327,0.0085586506590932,8.502024291497976,4.878048780487805,2008-07-25
2008-08-08,901.71,4.798,3.75,893.162,0.0324073226113776,0.0110142641790581,18.548387096774192,8.502024291497976,2008-08-01
2008-08-15,914.632,4.715,3.75,906.167,0.0332572484122639,0.0144572543447158,28.5140562248996,18.548387096774192,2008-08-08
2008-08-22,898.611,5.177,3.75,889.684,0.0190178475773365,0.0153901830938018,32.8,28.5140562248996,2008-08-15
2008-08-29,909.982,4.989,3.75,901.243,0.0156796887354725,0.014623618731771,29.48207171314741,32.8,2008-08-22
2008-09-05,905.253,5.606,3.75,895.897,0.0236998551969427,0.0155107319621108,33.73015873015873,29.48207171314741,2008-08-29
2008-09-12,925.725,5.412,3.75,916.563,0.0296161049089905,0.0172137205807887,37.94466403162056,33.73015873015873,2008-09-05
2008-09-19,995.093,5.512,3.75,985.831,0.1180823203681616,0.025215613852756,80.70866141732283,37.94466403162056,2008-09-12
2008-09-26,1211.825,5.175,25.0,1181.65,0.2927346607192824,0.0477230569243536,100.0,80.70866141732283,2008-09-19
2008-10-03,1503.989,5.278,20.0,1478.711,0.5259085967047987,0.0897375312556814,100.0,100.0,2008-09-26
2008-10-10,1591.587,5.544,25.0,1561.043,0.5665708614492563,0.1319209798022567,100.0,100.0,2008-10-03
2008-10-17,1770.809,23.983,25.0,1721.826,0.6785867132727995,0.1827022612453542,100.0,100.0,2008-10-10
2008-10-24,1802.602,55.625,25.0,1721.977,0.6753361201161584,0.2330504191134134,100.0,100.0,2008-10-17
2008-10-31,1969.086,19.484,25.0,1924.602,0.7832050501761589,0.2918540300191538,100.0,100.0,2008-10-24
2008-11-07,2074.205,18.652,25.0,2030.553,0.8364279459050433,0.3537017702725127,100.0,100.0,2008-10-31
2008-11-14,2212.852,52.985,25.0,2134.867,0.8949058630133782,0.4199824329341369,100.0,100.0,2008-11-07
2008-11-21,2187.137,68.457,25.0,2093.6800000000003,0.8551009830941576,0.4842965202815846,100.0,100.0,2008-11-14
2008-11-28,2106.117,17.355,25.0,2063.762,0.8344692885031045,0.5472803356483256,100.0,100.0,2008-11-21
2008-12-05,2136.924,57.345,25.0,2054.579,0.8400816007056953,0.6100789314566911,100.0,100.0,2008-11-28
2008-12-12,2250.012,41.646,25.0,2183.366,0.9058744112261564,0.6774834165580117,100.0,100.0,2008-12-05
2008-12-19,2254.983,120.443,25.0,2109.54,0.8580922162492123,0.7344072547027078,100.0,100.0,2008-12-12
2008-12-26,2232.311,118.058,25.0,2089.253,0.8592510942789616,0.7779854418996062,100.0,100.0,2008-12-19
2009-01-02,2239.457,106.123,25.0,2108.334,0.8567480619386116,0.8034346315329765,100.0,100.0,2008-12-26
2009-01-09,2121.439,62.686,25.0,2033.753,0.8264964493766497,0.8234289075273913,100.0,100.0,2009-01-02
2009-01-16,2049.714,31.173,25.0,1993.541,0.7920614658658695,0.8321577346499353,100.0,100.0,2009-01-09
2009-01-23,2037.112,46.705,25.0,1965.407,0.7931380684956467,0.8412194229868188,100.0,100.0,2009-01-16
2009-01-30,1927.082,38.717,25.0,1863.365,0.7160311563707632,0.8360522003864038,99.6153846153846,100.0,2009-01-23
2009-02-06,1851.437,47.708,25.0,1778.7289999999998,0.6888863678930379,0.8247028482316341,98.84615384615384,99.6153846153846,2009-01-30
2009-02-13,1843.4,20.266,25.0,1798.134,0.6852811237393355,0.808577868287477,98.07692307692308,98.84615384615384,2009-02-06
2009-02-20,1915.562,20.501,25.0,1870.061,0.742859986138416,0.7999439454447277,97.3076923076923,98.07692307692308,2009-02-13
2009-02-27,1916.115,25.109,25.0,1866.006,0.727780675257499,0.7917371290412196,96.92307692307692,97.3076923076923,2009-02-20
2009-03-06,1901.317,68.282,25.0,1808.035,0.7021704481619158,0.7811285788455442,96.53846153846152,96.92307692307692,2009-02-27
2009-03-13,1899.514,34.431,25.0,1840.083,0.6969351535931595,0.7650563282583906,95.76923076923076,96.53846153846152,2009-03-06
2009-03-20,2066.942,100.379,25.0,1941.563,0.6777636574647994,0.7511849006595898,95.3846153846154,95.76923076923076,2009-03-13
2009-03-27,2071.556,56.198,25.0,1990.358,0.5214027552097561,0.7251965668850353,94.6153846153846,95.3846153846154,2009-03-20
2009-04-03,2078.936,37.754,25.0,2016.182,0.3100348615758111,0.683141705318666,94.23076923076924,94.6153846153846,2009-03-27
2009-04-10,2088.573,23.684,25.0,2039.889,0.2675412070125599,0.6401451482137361,93.46153846153848,94.23076923076924,2009-04-03
2009-04-17,2186.498,94.509,25.0,2066.989,0.1827076033592159,0.5932717741747627,92.6923076923077,93.46153846153848,2009-04-10
2009-04-24,2196.812,93.533,25.0,2078.279,0.1880670980253781,0.5467278533693575,91.92307692307692,92.6923076923077,2009-04-17
2009-05-01,2066.712,62.81,25.0,1978.902,0.027822952318104,0.4937887607499222,91.53846153846152,91.92307692307692,2009-04-24
2009-05-08,2079.758,70.683,25.0,1984.075,-0.0231553591813568,0.4390163202057379,90.76923076923076,91.53846153846152,2009-05-01
2009-05-15,2196.351,57.167,25.0,2114.184,-0.0097354272087854,0.385553508594344,90.0,90.76923076923076,2009-05-08
2009-05-22,2181.632,37.929,25.0,2118.703,0.0118808258131948,0.3293243424154808,89.23076923076923,90.0,2009-05-15
2009-05-29,2080.115,11.048,25.0,2044.067,-0.0095890802238655,0.2726035919938374,88.46153846153847,89.23076923076923,2009-05-22
2009-06-05,2077.695,37.634,25.0,2015.061,-0.0194214928869235,0.2170965196054652,87.6923076923077,88.46153846153847,2009-05-29
2009-06-12,2052.297,17.166,25.0,2010.131,-0.0826678286225884,0.1571270594350231,86.92307692307692,87.6923076923077,2009-06-05
2009-06-19,2072.527,132.837,25.0,1914.69,-0.0969141846086977,0.0975364561986002,86.15384615384616,86.92307692307692,2009-06-12
2009-06-26,2025.571,78.847,25.0,1921.724,-0.0835838860000185,0.0509990222593867,85.38461538461539,86.15384615384616,2009-06-19
2009-07-03,2005.627,78.142,25.0,1902.485,-0.1027371357910164,0.0192473301542461,43.84615384615385,85.38461538461539,2009-06-26
2009-07-10,1992.74,36.91,25.0,1930.83,-0.0519328923730944,-0.0053276005677272,0.0,43.84615384615385,2009-07-03
2009-07-17,2072.451,65.234,25.0,1982.217,-0.0056965391869896,-0.0198202269174353,0.0,0.0,2009-07-10
2009-07-24,2039.001,61.601,25.0,1952.4,-0.0066399635249475,-0.0347976931905373,0.0,0.0,2009-07-17
2009-07-31,2000.547,57.825,25.0,1917.722,0.0287540303196887,-0.0347260718058,0.3846153846153846,0.0,2009-07-24
2009-08-07,1989.203,61.522,25.0,1902.681,0.0673648798960574,-0.0277629764921527,0.7692307692307693,0.3846153846153846,2009-07-31
2009-08-14,2014.899,35.758,25.0,1954.141,0.0832012501647601,-0.0206140013095723,1.1538461538461535,0.7692307692307693,2009-08-07
2009-08-21,2060.641,40.294,25.0,1995.347,0.0648469193986898,-0.0165396864183804,1.9230769230769231,1.1538461538461535,2009-08-14
2009-08-28,2074.902,12.828,25.0,2037.074,0.0877141466639943,-0.0090548228116219,2.3076923076923075,1.9230769230769231,2009-08-21
2009-09-04,2083.72,58.716,25.0,2000.004,0.1009085603682524,0.0002013351310838,3.076923076923077,2.3076923076923075,2009-08-28
2009-09-11,2087.946,4.5,25.0,2058.446,0.1121406498908505,0.0151866027090407,33.84615384615385,3.076923076923077,2009-09-04
2009-09-18,2139.783,72.399,25.0,2042.384,0.0506244341931862,0.0265357272322625,68.07692307692308,33.84615384615385,2009-09-11
2009-09-25,2158.631,50.907,25.0,2082.724,0.0453621302456688,0.0364546515588538,78.07692307692308,68.07692307692308,2009-09-18
2009-10-02,2141.02,108.324,25.0,2007.696,-0.004217827966227,0.0440330598530684,81.92307692307692,78.07692307692308,2009-09-25
2009-10-09,2138.086,31.005,25.0,2082.081,0.0204724797240912,0.0496027038605442,85.0,81.92307692307692,2009-10-02
2009-10-16,2192.787,15.57,25.0,2152.217,0.0404055146839453,0.05314901569677,85.38461538461539,85.0,2009-10-09
2009-10-23,2201.119,73.73,25.0,2102.389,0.011534169799209,0.0545470259524743,85.38461538461539,85.38461538461539,2009-10-16
2009-10-30,2161.537,30.563,25.0,2105.974,0.0622359225218633,0.0571225561218724,85.38461538461539,85.38461538461539,2009-10-23
2009-11-06,2165.067,81.576,25.0,2058.491,0.036820379535104,0.0547729791710298,85.0,85.38461538461539,2009-10-30
2009-11-13,2135.035,62.93,25.0,2047.105,-0.0322423225083548,0.045892704350021,82.6923076923077,85.0,2009-11-06
2009-11-20,2208.721,62.309,25.0,2121.412,0.0012777957053503,0.0410027717582256,77.3076923076923,82.6923076923077,2009-11-13
2009-11-27,2206.359,12.997,25.0,2168.362,0.0590305931392929,0.0387963445640178,76.15384615384616,77.3076923076923,2009-11-20
2009-12-04,2204.074,60.164,25.0,2118.91,0.050252337626322,0.0348997120454078,75.0,76.15384615384616,2009-11-27
2009-12-11,2186.383,55.364,0.18,2130.839,0.0583159048014075,0.0307593470385276,74.23076923076923,75.0,2009-12-04
2009-12-18,2235.763,132.157,0.225,2103.381,0.0939903204357098,0.0340951844417986,75.38461538461539,74.23076923076923,2009-12-11
2009-12-25,2235.803,119.439,0.225,2116.139,0.0963705019993163,0.0380189053459254,77.3076923076923,75.38461538461539,2009-12-18
2010-01-01,2234.067,149.819,0.225,2084.023,0.091139233938608,0.0453540639539896,81.92307692307692,77.3076923076923,2009-12-25
2010-01-08,2235.304,166.555,0.225,2068.5240000000003,0.068885347178119,0.0490781306812225,83.07692307692308,81.92307692307692,2010-01-01
2010-01-15,2291.7,124.175,0.225,2167.3,0.0892662379291936,0.0528366478539339,83.84615384615384,83.07692307692308,2010-01-08
2010-01-22,2251.806,170.437,0.225,2081.144,0.0638583574878067,0.0568615853684414,85.0,83.84615384615384,2010-01-15
2010-01-29,2246.886,126.772,0.225,2119.889,0.100225705515148,0.0597838763679248,85.38461538461539,85.0,2010-01-22
2010-02-05,2249.319,122.517,0.225,2126.577,0.1112497005855793,0.0655092087564229,85.38461538461539,85.38461538461539,2010-01-29
2010-02-12,2256.679,68.082,0.225,2188.3720000000003,0.1132071777001268,0.0766976318493831,85.38461538461539,85.38461538461539,2010-02-05
2010-02-19,2277.574,49.702,0.225,2227.6470000000004,0.1101279013973514,0.0850707169026139,85.38461538461539,85.38461538461539,2010-02-12
2010-02-26,2286.127,12.922,0.225,2272.98,0.1095772813695079,0.0889589236895536,85.38461538461539,85.38461538461539,2010-02-19
2010-03-05,2280.147,53.279,0.225,2226.643,0.107345889523499,0.0933507353739518,85.76923076923077,85.38461538461539,2010-02-26
2010-03-12,2282.474,23.292,0.225,2258.9570000000003,0.0929518731434426,0.0960150406310314,85.76923076923077,85.76923076923077,2010-03-05
2010-03-19,2307.997,97.429,0.225,2210.343,0.0790299541131607,0.0948642432216046,85.38461538461539,85.76923076923077,2010-03-12
2010-03-26,2313.149,50.104,0.225,2262.82,0.0829351707552556,0.0938307562028306,85.0,85.38461538461539,2010-03-19
2010-04-02,2307.15,91.519,0.225,2215.4060000000004,0.098447886465674,0.0943929602433742,85.0,85.0,2010-03-26
2010-04-09,2307.575,20.439,0.225,2286.911,0.0938341243383062,0.096312096948004,85.76923076923077,85.0,2010-04-02
2010-04-16,2339.345,9.478,0.225,2329.642,0.0792161340567524,0.0955390120347393,85.0,85.76923076923077,2010-04-09
2010-04-23,2337.556,61.746,0.225,2275.585,0.0791628450257092,0.0967162803068856,85.76923076923077,85.0,2010-04-16
2010-04-30,2330.472,56.908,0.225,2273.3390000000004,0.0764716078962135,0.0948890420285061,84.23076923076923,85.76923076923077,2010-04-23
2010-05-07,2326.164,69.94,0.225,2255.9990000000003,0.0916197002706565,0.0933790420042812,82.6923076923077,84.23076923076923,2010-04-30
2010-05-14,2336.103,16.293,0.225,2319.585,0.1249616904260006,0.0942832352908869,83.07692307692308,82.6923076923077,2010-05-07
2010-05-21,2350.89,30.213,0.225,2320.452,0.0896800895729216,0.0927103266890077,81.53846153846153,83.07692307692308,2010-05-14
2010-05-28,2334.041,16.728,0.225,2317.088,0.0663391810672467,0.0893843189734491,80.76923076923077,81.53846153846153,2010-05-21
2010-06-04,2336.216,62.317,0.225,2273.674,0.0704952198131944,0.0865496520726565,80.0,80.76923076923077,2010-05-28
2010-06-11,2331.529,19.14,0.225,2312.164,0.0816680836724672,0.0856816682671968,79.61538461538461,80.0,2010-06-04
2010-06-18,2344.316,85.771,0.225,2258.32,0.0710751239523917,0.08506975825483,78.84615384615384,79.61538461538461,2010-06-11
2010-06-25,2344.497,46.35,0.225,2297.922,0.0824120344720985,0.0850295170022794,78.46153846153847,78.84615384615384,2010-06-18
2010-07-02,2330.851,87.615,0.225,2243.0110000000004,0.0735189993737295,0.0831119103028991,78.07692307692308,78.46153846153847,2010-06-25
2010-07-09,2332.017,16.475,0.225,2315.317,0.1127113017464731,0.0845640008727581,78.07692307692308,78.07692307692308,2010-07-02
2010-07-16,2340.717,7.866,0.225,2332.626,0.0735125183607577,0.0841252612038354,77.6923076923077,78.07692307692308,2010-07-09
2010-07-23,2332.322,43.865,0.225,2288.2320000000004,0.0948617244597973,0.0853328673141499,79.23076923076923,77.6923076923077,2010-07-16
2010-07-30,2325.298,30.415,0.225,2294.658,0.0792200839775387,0.0855442885511749,79.23076923076923,79.23076923076923,2010-07-23
2010-08-06,2326.479,44.013,0.225,2282.241,0.0706442101881456,0.0839307893140587,76.53846153846153,79.23076923076923,2010-07-30
2010-08-13,2327.533,26.932,0.225,2300.376,0.0499146994450585,0.0781579438539862,75.76923076923077,76.53846153846153,2010-08-06
2010-08-20,2313.662,30.217,0.18,2283.265,0.0246605646995421,0.0731564419406493,75.0,75.76923076923077,2010-08-13
2010-08-27,2301.015,5.889,0.18,2294.946,0.0096175679363542,0.0687932409305807,74.61538461538461,75.0,2010-08-20
2010-09-03,2301.996,45.737,0.18,2256.079,0.0131332806717582,0.0643807840735471,73.84615384615384,74.61538461538461,2010-08-27
2010-09-10,2305.802,4.859,0.18,2300.7630000000004,0.0183376047188072,0.0595092087694194,73.07692307692308,73.84615384615384,2010-09-03
2010-09-17,2296.079,114.568,0.18,2181.331,-0.0132124661571225,0.0530255479917645,70.76923076923077,73.07692307692308,2010-09-10
2010-09-24,2307.171,77.496,0.18,2229.495,-0.0148367206272633,0.0455448745225828,68.07692307692308,70.76923076923077,2010-09-17
2010-10-01,2298.691,57.829,0.18,2240.682,0.0113446014012639,0.0407622285247008,66.53846153846153,68.07692307692308,2010-09-24
2010-10-08,2308.092,49.53,0.18,2258.382,-0.0125533709924835,0.031126484467858,64.23076923076923,66.53846153846153,2010-10-01
2010-10-15,2309.885,15.637,0.18,2294.068,-0.0153879468902467,0.0242879871408576,56.15384615384615,64.23076923076923,2010-10-08
2010-10-22,2305.227,52.223,0.18,2252.824,-0.0100526218705686,0.0162176528077526,31.923076923076923,56.15384615384615,2010-10-15
2010-10-29,2295.392,27.229,0.18,2267.983,-0.0023587856061915,0.0099423551474656,13.461538461538462,31.923076923076923,2010-10-22
2010-11-05,2300.353,36.018,0.18,2264.155,0.0036087305216828,0.0047857797885069,3.8461538461538463,13.461538461538462,2010-10-29
2010-11-12,2312.768,8.267,0.18,2304.3210000000004,-0.0066022343212863,0.000438323344942,3.4615384615384617,3.8461538461538463,2010-11-05
2010-11-19,2314.757,38.705,0.18,2275.8720000000003,-0.0193987186212012,-0.0029508522951151,3.076923076923077,3.4615384615384617,2010-11-12
2010-11-26,2346.001,24.037,0.18,2321.784000000001,0.0020246308172014,-0.0035349243812038,3.076923076923077,3.076923076923077,2010-11-19
2010-12-03,2346.92,45.472,0.18,2301.268,0.0120632500377188,-0.0036172344299761,3.076923076923077,3.076923076923077,2010-11-26
2010-12-10,2382.294,19.589,0.18,2362.525,0.0215470797898825,-0.0033703517322011,3.8461538461538463,3.076923076923077,2010-12-03
2010-12-17,2385.754,91.641,0.18,2293.933,0.015646637633491,-0.0011504206713846,4.615384615384615,3.8461538461538463,2010-12-10
2010-12-24,2427.921,89.913,0.18,2337.828,0.017217056900514,0.0013152545230597,5.769230769230769,4.615384615384615,2010-12-17
2010-12-31,2420.57,88.905,0.18,2331.485,0.038686243946843,0.0034184577957965,6.153846153846154,5.769230769230769,2010-12-24
2011-01-07,2436.064,105.713,0.18,2330.171,0.0063950442335137,0.0048760281977963,7.3076923076923075,6.153846153846154,2010-12-31
2011-01-14,2468.131,75.569,0.18,2392.382,0.0252948507615366,0.0080054741710104,12.692307692307692,7.3076923076923075,2011-01-07
2011-01-21,2425.164,94.123,0.18,2330.8610000000003,0.0184582602375272,0.0101986189485563,19.23076923076923,12.692307692307692,2011-01-14
2011-01-28,2443.527,94.186,0.18,2349.161,0.0234744303320623,0.012185789405345,26.153846153846157,19.23076923076923,2011-01-21
2011-02-04,2469.419,117.875,0.18,2351.364,0.02983773032779,0.0142034047750456,30.76923076923077,26.153846153846157,2011-01-28
2011-02-11,2500.481,62.516,0.18,2437.7850000000003,0.0580172522969593,0.0191741345149107,44.61538461538461,30.76923076923077,2011-02-04
2011-02-18,2508.868,54.561,0.18,2454.127,0.0721646610399542,0.0262174714119226,61.15384615384615,44.61538461538461,2011-02-11
2011-02-25,2533.221,23.123,0.18,2509.918,0.0895407694634066,0.0329494820770153,64.23076923076923,61.15384615384615,2011-02-18
2011-03-04,2545.119,49.542,0.18,2495.3970000000004,0.1008194840287886,0.039776884691713,66.15384615384616,64.23076923076923,2011-02-25
2011-03-11,2577.076,28.671,0.18,2548.2250000000004,0.1021562313116098,0.0459775886549228,68.46153846153847,66.15384615384616,2011-03-04
2011-03-18,2583.046,101.471,0.18,2481.395,0.1288856610834543,0.0546882827664585,71.53846153846153,68.46153846153847,2011-03-11
2011-03-25,2601.341,71.748,0.18,2529.413,0.1262121575817446,0.0630725212803993,73.46153846153847,71.53846153846153,2011-03-18
2011-04-01,2622.523,59.201,0.77,2562.552,0.134223353128742,0.0704215296790069,74.61538461538461,73.46153846153847,2011-03-25
2011-04-08,2648.676,40.962,0.77,2606.944,0.1435300264106178,0.080970374461861,75.76923076923077,74.61538461538461,2011-04-01
2011-04-15,2665.408,24.772,0.77,2639.866,0.1404014974806388,0.089824731901792,81.15384615384616,75.76923076923077,2011-04-08
2011-04-22,2685.782,113.16,0.77,2571.8520000000003,0.1324417216175208,0.0985926904694838,86.15384615384616,81.15384615384616,2011-04-15
2011-04-29,2690.985,126.185,0.77,2564.03,0.1226893492114078,0.1062246073063565,86.15384615384616,86.15384615384616,2011-04-22
2011-05-06,2718.757,125.397,0.77,2592.59,0.135455755149544,0.1143490707541838,86.15384615384616,86.15384615384616,2011-04-29
2011-05-13,2744.498,87.894,0.77,2655.8340000000003,0.1419726736152056,0.1208071800863565,86.15384615384616,86.15384615384616,2011-05-06
2011-05-20,2758.009,109.62,0.77,2647.619,0.1512974698807074,0.1268943192279529,86.15384615384616,86.15384615384616,2011-05-13
2011-05-27,2774.996,73.694,0.77,2700.532,0.1511129349451184,0.1316306396496231,86.15384615384616,86.15384615384616,2011-05-20
2011-06-03,2788.723,73.973,0.77,2713.98,0.1649559168182483,0.1365642114026584,86.53846153846153,86.15384615384616,2011-05-27
2011-06-10,2811.206,23.496,0.77,2786.94,0.1652132574024193,0.1414147518711823,86.53846153846153,86.53846153846153,2011-06-03
2011-06-17,2827.549,126.428,0.749,2700.3720000000003,0.1631217296428986,0.1440482956065241,86.53846153846153,86.53846153846153,2011-06-10
2011-06-24,2856.403,129.694,0.749,2725.96,0.1535983664601075,0.1461549270587059,86.53846153846153,86.53846153846153,2011-06-17
2011-07-01,2865.251,105.582,0.749,2758.9200000000005,0.1683338951825865,0.1487788149090016,86.53846153846153,86.53846153846153,2011-06-24
2011-07-08,2870.103,67.27,0.749,2802.0840000000003,0.1844217706095965,0.1519243336935384,86.53846153846153,86.53846153846153,2011-07-01
2011-07-15,2878.074,39.416,0.749,2837.909,0.1707779910548591,0.1542609870454015,86.53846153846153,86.53846153846153,2011-07-08
2011-07-22,2871.301,96.422,0.749,2774.13,0.1740994573132617,0.1574654282527662,86.92307692307692,86.53846153846153,2011-07-15
2011-07-29,2863.576,66.757,0.749,2796.07,0.1741566166913508,0.1614244488281464,86.92307692307692,86.92307692307692,2011-07-22
2011-08-05,2867.215,32.271,0.749,2834.195,0.1867623609345862,0.1653711108116112,86.92307692307692,86.92307692307692,2011-07-29
2011-08-12,2872.423,14.599,0.749,2857.075,0.1587085340848236,0.1666584846938895,86.92307692307692,86.92307692307692,2011-08-05
2011-08-19,2857.906,8.905,0.02,2848.981,0.1491902892960067,0.1664963938796818,86.53846153846153,86.92307692307692,2011-08-12
2011-08-26,2859.433,10.896,0.624,2847.913,0.1263363620429988,0.1645905036564418,85.76923076923077,86.53846153846153,2011-08-19
2011-09-02,2853.888,42.481,0.624,2810.783,0.1190152574354394,0.1610566067808411,85.0,85.76923076923077,2011-08-26
2011-09-09,2858.66,22.841,0.624,2835.195,0.1067136795191618,0.1565566392513598,83.84615384615384,85.0,2011-09-02
2011-09-16,2863.54,16.083,0.624,2846.833,0.1373862463056314,0.1545769866869546,83.46153846153847,83.84615384615384,2011-09-09
2011-09-23,2857.747,74.216,0.624,2782.907,0.0955088048003577,0.1501085588669739,82.3076923076923,83.46153846153847,2011-09-16
2011-09-30,2850.921,44.942,0.624,2805.355,0.0905264537398898,0.1441233710636895,81.15384615384616,82.3076923076923,2011-09-23
2011-10-07,2859.701,31.623,0.624,2827.454,0.0811980059955407,0.1361830814779929,79.61538461538461,81.15384615384616,2011-09-30
2011-10-14,2860.822,17.681,0.624,2842.5170000000003,0.0739617689812477,0.1287356797800228,78.46153846153847,79.61538461538461,2011-10-07
2011-10-21,2852.39,68.392,0.624,2783.3740000000003,0.0790375989149104,0.1214232291339958,77.6923076923077,78.46153846153847,2011-10-14
2011-10-28,2845.685,55.187,0.624,2789.8740000000003,0.0844161940651575,0.1145201197012117,76.92307692307692,77.6923076923077,2011-10-21
2011-11-04,2822.034,63.901,0.624,2757.5090000000005,0.0616703599215937,0.1048976580848276,75.76923076923077,76.92307692307692,2011-10-28
2011-11-11,2839.786,24.193,0.624,2814.969,0.0581925194366427,0.0971656569580445,74.61538461538461,75.76923076923077,2011-11-04
2011-11-18,2831.576,44.782,0.624,2786.17,0.0510071473311325,0.0896131075761311,68.84615384615384,74.61538461538461,2011-11-11
2011-11-25,2821.98,34.535,0.624,2786.8210000000004,0.031452729031978,0.0823143665752833,63.46153846153846,68.84615384615384,2011-11-18
2011-12-02,2814.235,85.605,0.624,2728.0060000000003,0.0051547472035195,0.0735558657882126,61.92307692307692,63.46153846153846,2011-11-25
2011-12-09,2820.691,21.747,0.624,2798.32,0.0040750173663527,0.0656605840841503,60.38461538461539,61.92307692307692,2011-12-02
2011-12-16,2902.488,25.651,0.624,2876.213,0.063084957014936,0.0599451002925584,58.84615384615385,60.38461538461539,2011-12-09
2011-12-23,2916.085,106.592,0.624,2808.869,0.0299612515687893,0.054902980813207,56.92307692307692,58.84615384615385,2011-12-16
2011-12-30,2926.095,91.418,0.624,2834.053,0.0268685437739137,0.0500062185081319,53.84615384615385,56.92307692307692,2011-12-23
2012-01-06,2917.689,87.031,0.624,2830.034,0.0099252996650624,0.0445237026365566,50.76923076923077,53.84615384615385,2011-12-30
2012-01-13,2899.149,66.067,0.624,2832.458,-0.0019226274698387,0.0386864413710884,48.46153846153846,50.76923076923077,2012-01-06
2012-01-20,2919.423,108.203,0.624,2810.596,0.0130593759705844,0.0336111934522941,46.53846153846154,48.46153846153846,2012-01-13
2012-01-27,2919.545,111.938,0.624,2806.983,0.0038953812500008,0.0274172847742051,45.0,46.53846153846154,2012-01-20
2012-02-03,2924.947,120.691,0.624,2803.6320000000005,-0.0108422267655081,0.0218393934905819,38.07692307692308,45.0,2012-01-27
2012-02-10,2928.275,49.136,0.624,2878.5150000000003,0.0074761619509286,0.0179381352224501,30.0,38.07692307692308,2012-02-03
2012-02-17,2937.893,50.066,0.624,2887.2030000000004,0.0133268269280319,0.0150396490375962,25.0,30.0,2012-02-10
2012-02-24,2932.813,36.033,0.624,2896.1560000000004,0.0167978951456603,0.013912354123264,23.07692307692308,25.0,2012-02-17
2012-03-02,2925.722,62.542,0.624,2862.5560000000005,0.0182518397903455,0.0149198227837891,25.384615384615383,23.07692307692308,2012-02-24
2012-03-09,2884.747,26.437,0.99,2857.32,0.0077734046937053,0.0152043141166624,26.923076923076923,25.384615384615383,2012-03-02
2012-03-16,2893.56,45.42,0.99,2847.15,0.0001113456082772,0.010360190162304,17.692307692307693,26.923076923076923,2012-03-09
2012-03-23,2892.646,87.172,0.99,2804.4840000000004,0.007723500023526,0.0086495938895915,13.846153846153848,17.692307692307693,2012-03-16
2012-03-30,2878.137,68.452,0.99,2808.6950000000006,0.0011898719797876,0.0066743114438895,9.23076923076923,13.846153846153848,2012-03-23
2012-04-06,2865.478,56.774,0.99,2807.7140000000004,-0.0070060309626569,0.0053719013956034,8.076923076923077,9.23076923076923,2012-03-30
2012-04-13,2867.2,35.524,0.99,2830.686,-0.0041708421683225,0.0051989618034123,7.6923076923076925,8.076923076923077,2012-04-06
2012-04-20,2875.47,103.093,0.99,2771.387,-0.0043159439648931,0.0038623987314525,6.538461538461538,7.6923076923076925,2012-04-13
2012-04-27,2866.561,102.592,0.99,2762.9790000000003,-0.0096869880450643,0.0028176010933705,6.153846153846154,6.538461538461538,2012-04-20
2012-05-04,2864.28,136.746,0.99,2726.5440000000003,-0.011292862806619,0.0027829367825159,6.153846153846154,6.153846153846154,2012-04-27
2012-05-11,2864.15,102.803,0.99,2760.3570000000004,-0.0195912299071869,0.000700829716507,5.769230769230769,6.153846153846154,2012-05-04
2012-05-18,2850.984,101.035,0.99,2748.9590000000003,-0.0134455983211171,-0.0013585876103505,4.615384615384615,5.769230769230769,2012-05-11
2012-05-25,2859.495,80.366,0.99,2778.139,-0.0031202405925375,-0.0028907518979042,4.615384615384615,4.615384615384615,2012-05-18
2012-06-01,2842.654,67.595,0.99,2774.0690000000004,0.0167442560194112,-0.0030067198802838,4.230769230769231,4.615384615384615,2012-05-25
2012-06-08,2852.018,54.04,0.99,2796.9880000000003,-0.000476113209554,-0.0036412981805345,3.076923076923077,4.230769230769231,2012-06-01
2012-06-15,2869.071,36.248,0.99,2831.833,-0.0155502931463268,-0.0048460396231964,3.076923076923077,3.076923076923077,2012-06-08
2012-06-22,2870.846,139.88,0.99,2729.976,-0.0284890932717322,-0.0076316237228316,2.6923076923076925,3.076923076923077,2012-06-15
2012-06-29,2863.547,117.923,0.99,2744.634,-0.0320601098371408,-0.0101893146318261,2.3076923076923075,2.6923076923076925,2012-06-22
2012-07-06,2865.858,97.508,0.99,2767.3600000000006,-0.0223949285687102,-0.0113730759861379,2.3076923076923075,2.3076923076923075,2012-06-29
2012-07-13,2866.279,75.287,0.99,2790.0020000000004,-0.0151025732406384,-0.0122139783763161,2.3076923076923075,2.3076923076923075,2012-07-06
2012-07-20,2855.807,58.67,0.99,2796.147,-0.0051541624029956,-0.0122784567177086,2.3076923076923075,2.3076923076923075,2012-07-13
2012-07-27,2846.757,38.258,0.99,2807.5090000000005,0.0001873722507891,-0.0115188905411044,3.076923076923077,2.3076923076923075,2012-07-20
2012-08-03,2851.118,52.683,0.99,2797.445,-0.00220921887572,-0.0108201487002661,3.8461538461538463,3.076923076923077,2012-07-27
2012-08-10,2856.181,26.113,0.99,2829.0780000000004,-0.0173236726481655,-0.0106457212188029,4.230769230769231,3.8461538461538463,2012-08-03
2012-08-17,2833.317,19.906,0.99,2812.4210000000003,-0.0262425351677467,-0.0116301009762359,3.076923076923077,4.230769230769231,2012-08-10
2012-08-24,2825.661,13.68,0.99,2810.9910000000004,-0.0298472502642963,-0.0136860247971405,2.3076923076923075,3.076923076923077,2012-08-17
2012-08-31,2812.806,25.021,0.99,2786.795,-0.0268227420080866,-0.0170373323377172,1.9230769230769231,2.3076923076923075,2012-08-24
2012-09-07,2822.169,26.561,0.99,2794.618,-0.0221886979399455,-0.018707531163132,1.9230769230769231,1.9230769230769231,2012-08-31
2012-09-14,2823.448,38.483,0.06,2784.905,-0.0221047324601248,-0.0192117188026549,1.9230769230769231,1.9230769230769231,2012-09-07
2012-09-21,2821.574,75.676,0.06,2745.838,-0.0211332541293672,-0.0186458850224729,2.6923076923076925,1.9230769230769231,2012-09-14
2012-09-28,2804.457,65.665,0.06,2738.732,-0.0252249230966926,-0.0181201014270539,3.076923076923077,2.6923076923076925,2012-09-21
2012-10-05,2808.512,73.488,0.06,2734.9640000000004,-0.0262523560428126,-0.0184168266173694,3.076923076923077,3.076923076923077,2012-09-28
2012-10-12,2811.623,53.452,0.06,2758.1110000000003,-0.0259730599904688,-0.0192530179058179,1.9230769230769231,3.076923076923077,2012-10-05
2012-10-19,2846.92,68.6,0.06,2778.26,0.002476915563777,-0.0186660119083739,3.076923076923077,1.9230769230769231,2012-10-12
2012-10-26,2840.964,52.847,0.06,2788.057,0.0090354919744717,-0.0179853873142444,4.615384615384615,3.076923076923077,2012-10-19
2012-11-02,2823.137,99.966,0.06,2723.1110000000003,-0.0012598964353196,-0.0179123625111367,5.0,4.615384615384615,2012-10-26
2012-11-09,2830.791,23.97,0.06,2806.7610000000004,0.0166711302821766,-0.0152973776703412,6.153846153846154,5.0,2012-11-02
2012-11-16,2877.244,26.859,0.06,2850.3250000000003,0.0362107283092546,-0.0104932804798026,9.615384615384617,6.153846153846154,2012-11-09
2012-11-23,2871.161,15.639,0.06,2855.462,0.0274523723048194,-0.0060856172052552,11.153846153846152,9.615384615384617,2012-11-16
2012-11-30,2851.362,16.103,0.06,2835.199,0.0217969333080608,-0.0023456421809362,15.0,11.153846153846152,2012-11-23
2012-12-07,2859.807,21.431,1.18,2837.196,0.0142731166045408,0.0004591127840242,16.923076923076923,15.0,2012-11-30
2012-12-14,2917.26,31.399,1.18,2884.6810000000005,0.0184901167566095,0.0035817934930038,19.23076923076923,16.923076923076923,2012-12-07
2012-12-21,2920.231,75.017,1.18,2844.034000000001,0.0409306489130676,0.0083559398808834,26.53846153846154,19.23076923076923,2012-12-14
2012-12-28,2907.3,55.679,1.18,2850.4410000000003,0.0378259864136727,0.0132060098432192,30.384615384615383,26.53846153846154,2012-12-21
2013-01-04,2917.189,84.458,1.18,2831.551,0.0229308209155721,0.0169893311477103,36.53846153846154,30.384615384615383,2012-12-28
2013-01-11,2928.728,47.338,1.18,2880.21,0.0318208954773346,0.021435020029849,40.76923076923077,36.53846153846154,2013-01-04
2013-01-18,2963.812,77.177,1.18,2885.455,0.0314402017329733,0.0236629651197872,43.07692307692308,40.76923076923077,2013-01-11
2013-01-25,3011.697,81.243,1.18,2929.2740000000003,0.0424569974317414,0.0262338501549618,44.23076923076923,43.07692307692308,2013-01-18
2013-02-01,3008.704,71.305,1.18,2936.2190000000005,0.0484161986515384,0.0300550882385663,45.0,44.23076923076923,2013-01-25
2013-02-08,3014.975,48.137,1.18,2965.658,0.0471480667374749,0.0323994679658969,45.76923076923077,45.0,2013-02-01
2013-02-15,3074.225,42.358,1.18,3030.687,0.0747436482474276,0.0353635387303718,47.30769230769231,45.76923076923077,2013-02-08
2013-02-22,3095.15,40.703,1.18,3053.2670000000003,0.0826750746794186,0.0396114389130333,48.84615384615385,47.30769230769231,2013-02-15
2013-03-01,3090.6,15.966,1.18,3073.454,0.0979098206028375,0.0454662763972468,51.15384615384615,48.84615384615385,2013-02-22
2013-03-08,3108.805,48.96,1.18,3058.665,0.0902831216222613,0.0513131998601484,54.23076923076923,51.15384615384615,2013-03-01
2013-03-15,3165.396,28.448,1.18,3135.7680000000005,0.1186603586728489,0.0590186030844745,57.69230769230769,54.23076923076923,2013-03-08
2013-03-22,3206.888,71.131,1.18,3134.577,0.13240792604775,0.0660553167102193,60.38461538461539,57.69230769230769,2013-03-15
2013-03-29,3202.256,53.218,1.18,3147.858,0.1392271819681329,0.073855408675947,61.92307692307692,60.38461538461539,2013-03-22
2013-04-05,3215.432,60.06,0.12,3155.252,0.1429500929389484,0.0830876603700529,63.46153846153846,61.92307692307692,2013-03-29
2013-04-12,3227.762,52.487,1.19,3174.085,0.1404733767171396,0.0914455435423456,69.61538461538461,63.46153846153846,2013-04-05
2013-04-19,3295.109,121.204,1.19,3172.715,0.1327628557424418,0.0992395938507662,75.38461538461539,69.61538461538461,2013-04-12
2013-04-26,3318.649,167.621,1.19,3149.838,0.1220060854910615,0.105358754470714,75.76923076923077,75.38461538461539,2013-04-19
2013-05-03,3317.194,184.624,1.19,3131.38,0.1396988252311155,0.1123804949768353,76.15384615384616,75.76923076923077,2013-04-26
2013-05-10,3324.615,133.62,1.19,3189.805,0.1279286369290691,0.1185943849915733,76.92307692307692,76.15384615384616,2013-05-03
2013-05-17,3354.269,69.489,1.19,3283.59,0.1415043131826305,0.1237298207558197,77.6923076923077,76.92307692307692,2013-05-10
2013-05-24,3398.713,25.206,1.19,3372.317,0.1663663938285776,0.1301676145365242,78.46153846153847,77.6923076923077,2013-05-17
2013-05-31,3385.128,14.298,1.19,3369.6400000000003,0.1726937850125067,0.1359202271834218,79.23076923076923,78.46153846153847,2013-05-24
2013-06-07,3400.183,41.025,1.19,3357.968,0.1685197886239959,0.1419384323374014,80.38461538461539,79.23076923076923,2013-05-31
2013-06-14,3410.842,39.284,1.19,3370.368,0.1556076152927766,0.1447805290004728,81.15384615384616,80.38461538461539,2013-06-07
2013-06-21,3470.53,117.287,1.19,3352.0530000000003,0.1643495270881821,0.1472375752343522,81.53846153846153,81.15384615384616,2013-06-14
2013-06-28,3478.672,94.271,1.19,3383.211,0.1713515393783612,0.1497086796505236,81.92307692307692,81.53846153846153,2013-06-21
2013-07-05,3492.742,106.048,1.19,3385.5040000000004,0.1786781693881285,0.1524569932235374,82.6923076923077,81.92307692307692,2013-06-28
2013-07-12,3504.095,75.254,1.19,3427.651,0.1740119787616796,0.155036885688502,83.46153846153847,82.6923076923077,2013-07-05
2013-07-19,3537.861,67.165,1.19,3469.506,0.1843296208819754,0.1590035599300046,84.61538461538461,83.46153846153847,2013-07-12
2013-07-26,3574.574,50.966,1.19,3522.418,0.1843930748424341,0.1638025591108795,85.38461538461539,84.61538461538461,2013-07-19
2013-08-02,3571.797,109.693,1.19,3460.914,0.1644100167836137,0.1657034199995332,86.15384615384616,85.38461538461539,2013-07-26
2013-08-09,3585.359,62.679,2.26,3520.42,0.171481370417096,0.1690536302678429,86.92307692307692,86.15384615384616,2013-08-02
2013-08-16,3646.323,57.157,1.21,3587.956,0.1687933545275605,0.171152787294376,86.92307692307692,86.92307692307692,2013-08-09
2013-08-23,3645.668,41.527,5.0,3599.141,0.1644830409876819,0.1710079139989225,86.53846153846153,86.92307692307692,2013-08-16
2013-08-30,3644.456,25.064,5.0,3614.392,0.162121642757878,0.170194672287028,86.15384615384616,86.53846153846153,2013-08-23
2013-09-06,3654.182,36.359,5.0,3612.823,0.1665109149471898,0.1700401435426582,85.76923076923077,86.15384615384616,2013-08-30
2013-09-13,3662.035,30.02,5.0,3627.015,0.1455358757818105,0.169265394349507,85.38461538461539,85.76923076923077,2013-09-06
2013-09-20,3722.192,60.914,5.0,3656.278,0.1539514533367778,0.1684655425224759,84.61538461538461,85.38461538461539,2013-09-13
2013-09-27,3734.018,46.017,6.244,3681.757,0.156667862359426,0.1673360289056348,84.23076923076923,84.61538461538461,2013-09-20
2013-10-04,3747.387,57.533,2.702,3687.152,0.1557859783105852,0.1655750911304391,82.6923076923077,84.23076923076923,2013-09-27
2013-10-11,3758.663,23.393,0.425,3734.845,0.1626869165591496,0.1647039324994753,81.92307692307692,82.6923076923077,2013-10-04
2013-10-18,3813.599,31.866,2.97,3778.763,0.1748090191890277,0.1639715785230947,81.53846153846153,81.92307692307692,2013-10-11
2013-10-25,3839.033,35.691,15.74,3787.602,0.1843820782223136,0.1639707326292392,81.53846153846153,81.53846153846153,2013-10-18
2013-11-01,3843.396,30.725,5.456,3807.215,0.195424148765043,0.1663564350893492,84.23076923076923,81.53846153846153,2013-10-25
2013-11-08,3851.623,30.596,6.715,3814.312,0.1788005213112299,0.1669194466965902,85.38461538461539,84.23076923076923,2013-11-01
2013-11-15,3907.424,34.247,3.97,3869.207,0.164112240434732,0.1665593609971419,85.0,85.38461538461539,2013-11-08
2013-11-22,3906.62,47.871,6.121,3852.628,0.1331554676277343,0.1641495476617613,82.3076923076923,85.0,2013-11-15
2013-11-29,3925.876,45.433,5.721,3874.722,0.1396680045639851,0.1624223447237696,81.15384615384616,82.3076923076923,2013-11-22
2013-12-06,3932.626,32.379,11.095,3889.152000000001,0.1468551098793015,0.1609103597185474,80.38461538461539,81.15384615384616,2013-11-29
2013-12-13,3993.955,21.49,34.461,3938.004,0.1556520587448801,0.1616885276387835,81.53846153846153,80.38461538461539,2013-12-06
2013-12-20,4008.062,116.998,11.105,3879.959,0.1462515926183573,0.1610962306604435,81.15384615384616,81.53846153846153,2013-12-13
2013-12-27,4032.575,93.893,42.245,3896.437,0.1412372872840366,0.159909263346952,80.38461538461539,81.15384615384616,2013-12-20
2014-01-03,4023.64,162.399,197.755,3663.486,0.078912365676147,0.1539959085289183,77.6923076923077,80.38461538461539,2013-12-27
2014-01-10,4028.185,110.758,43.545,3873.882,0.1223819181295825,0.1508955240343362,76.92307692307692,77.6923076923077,2014-01-03
2014-01-17,4071.528,87.926,46.752,3936.85,0.1263686904477877,0.1471693449003946,75.38461538461539,76.92307692307692,2014-01-10
2014-01-24,4097.914,96.724,93.711,3907.479,0.1037447234203036,0.1409664714540862,73.07692307692308,75.38461538461539,2014-01-17
2014-01-31,4102.138,95.632,94.276,3912.23,0.1225748278655903,0.1353626775387437,71.92307692307692,73.07692307692308,2014-01-24
2014-02-07,4109.285,77.423,100.382,3931.48,0.110435644645642,0.13010384087216,71.15384615384616,71.92307692307692,2014-01-31
2014-02-14,4119.474,32.564,94.026,3992.884000000001,0.1069310957979948,0.1257052912847187,70.38461538461539,71.15384615384616,2014-02-07
2014-02-21,4149.224,49.75,83.299,4016.175,0.1096347512584533,0.1238960054101586,70.38461538461539,70.38461538461539,2014-02-14
2014-02-28,4159.972,27.427,130.111,4002.434,0.1019790226984298,0.120996852958962,69.61538461538461,70.38461538461539,2014-02-21
2014-03-07,4171.762,45.744,76.183,4049.835,0.1141866783415176,0.1184838966868248,68.84615384615384,69.61538461538461,2014-02-28
2014-03-14,4181.361,42.797,66.2,4072.364000000001,0.1158136702742492,0.115419405266007,68.84615384615384,68.84615384615384,2014-03-07
2014-03-21,4222.081,118.033,76.145,4027.903,0.096800203047999,0.1116154522221333,67.6923076923077,68.84615384615384,2014-03-14
2014-03-28,4226.971,89.067,101.944,4035.96,0.0918541077473713,0.1078167461039283,67.6923076923077,67.6923076923077,2014-03-21
2014-04-04,4236.441,107.199,106.045,4023.197,0.0872225158690736,0.1084559884264611,68.07692307692308,67.6923076923077,2014-03-28
2014-04-11,4244.188,54.528,89.023,4100.637,0.0934360091028927,0.1062293800397927,67.6923076923077,68.07692307692308,2014-04-04
2014-04-18,4283.967,134.483,71.744,4077.7399999999993,0.0761462059794993,0.1023661120037705,66.53846153846153,67.6923076923077,2014-04-11
2014-04-25,4296.339,150.225,147.951,3998.163,0.0541019044663788,0.0985474336226993,65.76923076923077,66.53846153846153,2014-04-18
2014-05-02,4296.049,148.343,208.222,3939.484,0.0341517995458994,0.0917456622134924,60.38461538461539,65.76923076923077,2014-04-25
2014-05-09,4303.143,96.998,193.706,4012.439,0.0506389781354506,0.0871459186357853,58.46153846153846,60.38461538461539,2014-05-02
2014-05-16,4336.649,62.954,183.187,4090.5080000000007,0.0556195912366995,0.083198879823378,54.61538461538461,58.46153846153846,2014-05-09
2014-05-23,4327.56,31.128,220.722,4075.710000000001,0.0562894518061864,0.0790953952501267,53.07692307692308,54.61538461538461,2014-05-16
2014-05-30,4322.654,22.95,171.269,4128.435,0.063424482238126,0.0761296613685649,52.30769230769231,53.07692307692308,2014-05-23
2014-06-06,4330.917,31.902,127.401,4171.6140000000005,0.0701118722783437,0.0727392916713976,51.15384615384615,52.30769230769231,2014-05-30
2014-06-13,4340.904,42.42,110.875,4187.609,0.0614559307027099,0.0685579270889716,50.38461538461539,51.15384615384615,2014-06-06
2014-06-20,4368.168,147.619,88.388,4132.161,0.0629759281112608,0.0659560597861455,50.0,50.38461538461539,2014-06-13
2014-06-27,4368.348,108.064,119.673,4140.611,0.0607808156742067,0.0635658065497483,48.46153846153846,50.0,2014-06-20
2014-07-04,4377.031,101.085,148.492,4127.454,0.1192455988609012,0.0660291206260427,50.0,48.46153846153846,2014-06-27
2014-07-11,4383.401,56.503,144.921,4181.977,0.0765269961829456,0.0647284273245083,48.46153846153846,50.0,2014-07-04
2014-07-18,4398.201,63.737,105.841,4228.623,0.0714954969867032,0.0643706804789086,47.69230769230769,48.46153846153846,2014-07-11
2014-07-25,4410.746,55.807,136.74,4218.1990000000005,0.0765158506825826,0.0660948301878474,50.38461538461539,47.69230769230769,2014-07-18
2014-08-01,4406.637,70.123,115.757,4220.7570000000005,0.0759069519464749,0.0693067649878916,51.15384615384615,50.38461538461539,2014-07-25
2014-08-08,4410.111,69.324,123.782,4217.005,0.0701092151211238,0.0708044755252511,51.53846153846154,51.15384615384615,2014-08-01
2014-08-15,4431.923,68.67,135.622,4227.630999999999,0.0571280120716733,0.0709205078971722,51.53846153846154,51.53846153846154,2014-08-08
2014-08-22,4412.924,32.225,150.444,4230.254999999999,0.051932317791895,0.0705853437422267,50.76923076923077,51.53846153846154,2014-08-15
2014-08-29,4413.736,29.547,179.845,4204.344,0.0492156004398262,0.0694923528346652,50.0,50.76923076923077,2014-08-22
2014-09-05,4415.587,21.036,151.016,4243.535000000001,0.0467205087543664,0.0676930171789746,48.46153846153846,50.0,2014-08-29
2014-09-12,4421.408,31.872,160.299,4229.237,0.0377979323217226,0.0658731711496679,46.53846153846154,48.46153846153846,2014-09-05
2014-09-19,4449.588,123.965,156.936,4168.687,0.034355224987461,0.0636715786016833,44.23076923076923,46.53846153846154,2014-09-12
2014-09-26,4459.05,118.905,162.317,4177.828,0.0345473026244951,0.0616536160593978,43.07692307692308,44.23076923076923,2014-09-19
2014-10-03,4450.26,126.568,212.481,4111.211,0.0216407721098724,0.0541455524631648,38.84615384615385,43.07692307692308,2014-09-26
2014-10-10,4455.403,85.309,182.531,4187.563,0.0209766143182365,0.0498724461658795,36.53846153846154,38.84615384615385,2014-10-03
2014-10-17,4474.36,101.413,121.915,4251.032,0.0416188636126618,0.0475742435986455,36.15384615384615,36.53846153846154,2014-10-10
2014-10-24,4481.616,124.596,135.424,4221.5960000000005,0.0543782499685073,0.0458713512360243,35.38461538461539,36.15384615384615,2014-10-17
2014-10-31,4486.754,118.66,134.69,4233.404,0.071956647304254,0.0455674816481612,35.38461538461539,35.38461538461539,2014-10-24
2014-11-07,4486.585,104.204,122.9,4259.481000000001,0.0597480360250029,0.0447704678715365,34.23076923076923,35.38461538461539,2014-10-31
2014-11-14,4488.895,95.008,111.681,4282.206000000001,0.0457991296500661,0.0438990153775667,33.84615384615385,34.23076923076923,2014-11-07
2014-11-21,4492.759,79.634,167.377,4245.748,0.0408730468985044,0.0430483022319213,33.46153846153846,33.84615384615385,2014-11-14
2014-11-28,4485.931,71.901,148.284,4265.746,0.0327186771889615,0.0417793081357009,33.07692307692308,33.46153846153846,2014-11-21
2014-12-05,4486.19,57.606,166.328,4262.255999999999,0.0214955862836554,0.0398389294841078,32.30769230769231,33.07692307692308,2014-11-28
2014-12-12,4488.865,48.807,105.322,4334.736,0.0345307820609062,0.0395876102332757,31.153846153846157,32.30769230769231,2014-12-05
2014-12-19,4502.247,171.314,31.783,4299.15,0.0396168140604466,0.0399923478542746,32.30769230769231,31.153846153846157,2014-12-12
2014-12-26,4509.462,177.911,53.237,4278.314,0.0327156452623748,0.0398514511341115,31.923076923076923,32.30769230769231,2014-12-19
2015-01-02,4497.66,223.452,171.12,4103.088,-0.005920891038062,0.037731323199655,30.0,31.923076923076923,2014-12-26
2015-01-09,4499.524,176.363,143.749,4179.412,-0.0006135344451646,0.0360705425255472,30.0,30.0,2015-01-02
2015-01-16,4516.077,159.73,95.4,4260.947000000001,0.0076150278993974,0.0334548628552961,29.23076923076923,30.0,2015-01-09
2015-01-23,4512.936,196.231,167.769,4148.936,-0.0165563438733591,0.027998355636691,27.692307692307693,29.23076923076923,2015-01-16
2015-01-30,4500.064,194.311,163.553,4142.200000000001,-0.0187874481868974,0.0210180405989101,25.0,27.692307692307693,2015-01-23
2015-02-06,4500.348,157.25,145.65,4197.448,-0.0046484388743033,0.0160644656066558,23.46153846153846,25.0,2015-01-30
2015-02-13,4501.685,130.765,126.752,4244.168,0.0039040163733434,0.0128417645853694,21.153846153846157,23.46153846153846,2015-02-06
2015-02-20,4496.851,73.097,157.273,4266.481,0.0085270907564883,0.0103536141129067,20.384615384615383,21.153846153846157,2015-02-13
2015-02-27,4486.725,46.714,149.75,4290.261,0.020229293751477,0.0093928923100232,19.615384615384617,20.384615384615383,2015-02-20
2015-03-06,4487.583,52.446,95.1,4340.036999999999,0.0224862251194478,0.0094690952973919,20.0,19.615384615384617,2015-02-27
2015-03-13,4489.279,27.237,84.389,4377.653,0.0344911374859103,0.0094660457146999,20.0,20.0,2015-03-06
2015-03-20,4495.888,87.56,151.424,4256.904,0.0209410173755923,0.0080294459697111,18.846153846153847,20.0,2015-03-13
2015-03-27,4480.603,71.325,65.389,4343.889,0.0389785355550058,0.008511206761452,19.615384615384617,18.846153846153847,2015-03-20
2015-04-03,4481.799,65.529,31.623,4384.647000000001,0.0643914885632059,0.0139198513461649,24.615384615384617,19.615384615384617,2015-03-27
2015-04-10,4483.419,44.254,96.443,4342.722,0.036382398637489,0.0167656923525229,27.307692307692307,24.615384615384617,2015-04-03
2015-04-17,4485.366,111.551,69.829,4303.986,0.0123797930772131,0.0171322127508164,28.07692307692308,27.307692307692307,2015-04-10
2015-04-24,4489.695,201.073,114.148,4174.473999999999,-0.0112248932591096,0.0175423243365279,28.46153846153846,28.07692307692308,2015-04-17
2015-05-01,4471.499,245.426,92.224,4133.848999999999,-0.0237974633447393,0.0171569385551554,28.46153846153846,28.46153846153846,2015-04-24
2015-05-08,4472.703,229.131,84.722,4158.85,-0.0239087281251047,0.0156753778435553,26.53846153846154,28.46153846153846,2015-05-01
2015-05-15,4501.188,205.392,92.129,4203.667,-0.0185110577694229,0.0139511413710348,25.0,26.53846153846154,2015-05-08
2015-05-22,4480.384,173.749,154.345,4152.29,-0.022258022261439,0.0115830557542712,23.07692307692308,25.0,2015-05-15
2015-05-29,4463.981,163.581,128.828,4171.571999999999,-0.0223241345338729,0.0083097151169366,19.23076923076923,23.07692307692308,2015-05-22
2015-06-05,4465.36,184.099,95.389,4185.871999999999,-0.0180835521306564,0.0051889630207747,17.307692307692307,19.23076923076923,2015-05-29
2015-06-12,4468.005,172.918,80.453,4214.634,-0.0280979537806421,0.0003744175387322,13.076923076923077,17.307692307692307,2015-06-05
2015-06-19,4487.817,251.369,110.708,4125.740000000001,-0.0411719311038791,-0.0044035015750732,9.23076923076923,13.076923076923077,2015-06-12
2015-06-26,4495.055,240.762,136.642,4117.651000000001,-0.0382761516155915,-0.0103461698189653,7.6923076923076925,9.23076923076923,2015-06-19
2015-07-03,4479.13,212.135,93.411,4173.584,0.0170352781466131,-0.0139889552356263,4.230769230769231,7.6923076923076925,2015-06-26
2015-07-10,4481.289,173.642,145.47,4162.177,-0.0041323120871583,-0.0171054714452146,3.4615384615384617,4.230769230769231,2015-07-03
2015-07-17,4493.605,175.706,103.217,4214.682,-0.0109172922778187,-0.0188975549340632,0.7692307692307693,3.4615384615384617,2015-07-10
2015-07-24,4500.503,183.203,112.695,4204.605,0.0133284373938968,-0.0170088371915242,4.615384615384615,0.7692307692307693,2015-07-17
2015-07-31,4485.48,203.378,86.429,4195.673,0.0128267084741274,-0.0141915932054575,5.384615384615385,4.615384615384615,2015-07-24
2015-08-07,4486.329,198.755,86.869,4200.705,0.0007756467793075,-0.0122927951358874,6.538461538461538,5.384615384615385,2015-07-31
2015-08-14,4489.25,207.989,64.411,4216.85,-0.0064574014440121,-0.0113655908031635,8.846153846153847,6.538461538461538,2015-08-07
2015-08-21,4487.208,142.076,84.36,4260.772,-0.0013390011655532,-0.0097564353342492,11.153846153846152,8.846153846153847,2015-08-14
2015-08-28,4475.105,119.147,68.719,4287.239,-0.0007046342465842,-0.0080933968506116,11.538461538461538,11.153846153846152,2015-08-21
2015-09-04,4475.886,122.263,70.33,4283.293000000001,-0.0131607671352221,-0.007714721081732,11.923076923076923,11.538461538461538,2015-08-28
2015-09-11,4478.213,76.256,68.129,4333.828,-0.0100615198988663,-0.0063273030908262,12.692307692307692,11.923076923076923,2015-09-04
2015-09-18,4487.809,179.99,82.181,4225.638000000001,-0.0073718801733657,-0.0037272991730944,14.23076923076923,12.692307692307692,2015-09-11
2015-09-25,4497.484,164.941,144.297,4188.246000000001,-0.0364879992807536,-0.0035897489934914,15.384615384615383,14.23076923076923,2015-09-18
2015-10-02,4484.111,198.716,199.614,4085.781,-0.0705962235648227,-0.010330633740525,10.76923076923077,15.384615384615383,2015-09-25
2015-10-09,4486.185,87.139,115.434,4283.612,-0.0137047615289477,-0.011066976005278,9.23076923076923,10.76923076923077,2015-10-02
2015-10-16,4504.704,57.54,90.184,4356.98,0.012237586744244,-0.0092858314651193,12.307692307692308,9.23076923076923,2015-10-09
2015-10-23,4501.372,57.086,151.082,4293.204,0.0280449449890429,-0.0081537924193389,12.692307692307692,12.307692307692308,2015-10-16
2015-10-30,4489.339,35.586,155.316,4298.437,0.0390425340237552,-0.0061371904539829,14.615384615384617,12.692307692307692,2015-10-23
2015-11-06,4489.702,44.215,107.406,4338.081,0.0421934906812679,-0.0029512024615244,18.846153846153847,14.615384615384617,2015-10-30
2015-11-13,4492.012,96.449,83.13,4312.433,0.0255450064034281,-0.0004894787809521,21.153846153846157,18.846153846153847,2015-11-06
2015-11-20,4486.721,112.494,121.961,4252.266,0.023792028036945,0.0014436773115477,22.692307692307693,21.153846153846157,2015-11-13
2015-11-27,4477.088,154.215,100.152,4222.721,0.0121867638026627,0.0024353233153359,22.692307692307693,22.692307692307693,2015-11-20
2015-12-04,4478.069,217.267,84.184,4176.618,-0.0022132173018869,0.0032774425332848,23.46153846153846,22.692307692307693,2015-11-27
2015-12-11,4480.436,175.746,87.963,4216.727,0.0004964797600273,0.0040895963531997,24.615384615384617,23.46153846153846,2015-12-04
2015-12-18,4489.593,266.187,102.004,4121.402,-0.0010520008992387,0.0045757409127479,24.615384615384617,24.615384615384617,2015-12-11
2015-12-25,4496.523,266.131,178.331,4052.061,-0.0160572145682443,0.0061473397367871,26.153846153846157,24.615384615384617,2015-12-18
2016-01-01,4486.587,324.846,277.446,3884.295,-0.0718336389268601,0.0060521539397073,25.76923076923077,26.153846153846157,2015-12-25
2016-01-08,4486.606,337.737,126.584,4022.285,-0.034188105589602,0.0044765120888877,23.846153846153847,25.76923076923077,2016-01-01
2016-01-15,4501.695,302.24,84.416,4115.039,-0.0239258321624707,0.0016947106345251,21.153846153846157,23.846153846153847,2016-01-08
2016-01-22,4488.84,318.749,106.627,4063.464,-0.0341445414077615,-0.0030890960113829,17.307692307692307,21.153846153846157,2016-01-15
2016-01-29,4482.349,337.973,89.304,4055.072,-0.0340853128673315,-0.0087143150030049,12.692307692307692,17.307692307692307,2016-01-22
2016-02-05,4483.495,312.633,62.461,4108.401,-0.0222184666325051,-0.0136690809502183,6.538461538461538,12.692307692307692,2016-01-29
2016-02-12,4486.278,276.161,47.974,4162.143,-0.0130583179584341,-0.0166385674395923,5.0,6.538461538461538,2016-02-05
2016-02-19,4483.629,242.35,52.098,4189.181,-0.0169451150856745,-0.0197721938336399,0.0,5.0,2016-02-12
2016-02-26,4489.796,216.862,41.065,4231.869000000001,-0.0129991965580399,-0.0217095753998478,0.0,0.0,2016-02-19
2016-03-04,4478.485,229.388,44.546,4204.551,-0.0185545962082601,-0.0229666045464919,0.0,0.0,2016-02-26
2016-03-11,4481.083,196.297,47.346,4237.4400000000005,-0.0224919028102366,-0.0247349416672815,0.0,0.0,2016-03-04
2016-03-18,4486.333,279.081,48.389,4158.862999999999,-0.0159285357185544,-0.0258792904995365,0.0,0.0,2016-03-11
2016-03-25,4492.857,277.707,70.075,4145.075,-0.0103611480253961,-0.025441131534702,0.3846153846153846,0.0,2016-03-18
2016-04-01,4482.84,291.912,127.119,4063.809,-0.0053921861682682,-0.0203302505532719,1.9230769230769231,0.3846153846153846,2016-03-25
2016-04-08,4484.069,263.537,27.455,4193.077,-0.0213617469627637,-0.0193436075819766,2.6923076923076925,1.9230769230769231,2016-04-01
2016-04-15,4499.729,237.928,16.61,4245.191000000001,-0.0259923439485082,-0.0195025700270565,2.6923076923076925,2.6923076923076925,2016-04-08
2016-04-22,4490.131,337.54,31.971,4120.620000000001,-0.0410296698542209,-0.0200321952921687,2.3076923076923075,2.6923076923076925,2016-04-15
2016-04-29,4474.665,372.499,31.432,4070.734,-0.0544281410746854,-0.0215970282311959,1.9230769230769231,2.3076923076923075,2016-04-22
2016-05-06,4477.27,323.794,35.592,4117.884000000001,-0.0520926452347702,-0.0238950419698317,1.1538461538461535,1.9230769230769231,2016-04-29
2016-05-13,4478.411,305.842,31.533,4141.036,-0.0405562479269819,-0.0260102673520277,0.0,1.1538461538461535,2016-05-06
2016-05-20,4473.741,277.289,63.92,4132.532,-0.028561723139108,-0.0269038525869072,0.0,0.0,2016-05-13
2016-05-27,4461.111,257.092,65.797,4138.222000000001,-0.0202134800019902,-0.0274587974672111,0.0,0.0,2016-05-20
2016-06-03,4461.393,259.693,61.186,4140.514,-0.0086818934168142,-0.026699358790946,0.7692307692307693,0.0,2016-05-27
2016-06-10,4463.542,225.116,41.445,4196.981000000001,-0.0046937774053711,-0.025330272221341,2.3076923076923075,0.7692307692307693,2016-06-03
2016-06-17,4472.817,305.523,28.313,4138.981,0.0042562255376353,-0.0237775982785571,3.4615384615384617,2.3076923076923075,2016-06-10
2016-06-24,4482.009,331.412,90.386,4060.211,0.0020093021392763,-0.0228260251889669,4.230769230769231,3.4615384615384617,2016-06-17
2016-07-01,4466.482,346.632,143.206,3976.644,0.0234967473383103,-0.0206037995346147,5.384615384615385,4.230769230769231,2016-06-24
2016-07-08,4470.605,298.044,83.401,4089.16,0.0164894208799427,-0.0176921712390219,11.538461538461538,5.384615384615385,2016-07-01
2016-07-15,4472.202,307.707,48.357,4116.138,0.0002670335011701,-0.0156722191275082,13.461538461538462,11.538461538461538,2016-07-08
2016-07-22,4480.973,327.138,79.368,4074.467,0.0027041287778871,-0.0123080807711922,15.76923076923077,13.461538461538462,2016-07-15
2016-07-29,4464.498,316.238,67.687,4080.573,0.0062689764648923,-0.0076390717296862,23.846153846153847,15.76923076923077,2016-07-22
2016-08-05,4466.793,245.682,68.075,4153.036,0.0108057313302636,-0.0028007350708375,29.23076923076923,23.846153846153847,2016-07-29
2016-08-12,4468.929,252.095,80.174,4136.66,-0.0061413869191409,-0.0001534380702343,30.76923076923077,29.23076923076923,2016-08-05
2016-08-19,4466.476,241.426,81.337,4143.712999999999,-0.0109130036323367,0.0012041557379788,32.30769230769231,30.76923076923077,2016-08-12
2016-08-26,4473.84,244.881,95.35,4133.609,-0.0234928641781613,0.0009518954167349,32.30769230769231,32.30769230769231,2016-08-19
2016-09-02,4457.907,288.946,171.368,3997.593,-0.0504750800824179,-0.0022629650960038,30.0,32.30769230769231,2016-08-26
2016-09-09,4459.394,238.152,79.08,4142.162,-0.0227414395654148,-0.0036512468006225,26.923076923076923,30.0,2016-09-02
2016-09-16,4481.635,252.691,64.485,4164.459000000001,0.0013446556178357,-0.0038752137175302,26.53846153846154,26.923076923076923,2016-09-09
2016-09-23,4473.032,358.603,176.835,3937.594,-0.0513510056301578,-0.0079798527767174,23.46153846153846,26.53846153846154,2016-09-16
2016-09-30,4452.002,339.619,272.277,3840.1060000000007,-0.0566207407549282,-0.0141427364761973,14.615384615384617,23.46153846153846,2016-09-23
2016-10-07,4459.407,342.208,297.964,3819.2350000000006,-0.093384691176599,-0.0225945912497775,4.615384615384615,14.615384615384617,2016-09-30
2016-10-14,4457.698,342.875,188.671,3926.152000000001,-0.0781270015063731,-0.0286249016349731,0.0,4.615384615384615,2016-10-07
2016-10-21,4467.382,409.693,191.81,3865.879,-0.0638145556799415,-0.0337417235163445,0.0,0.0,2016-10-14
2016-10-28,4454.326,420.256,142.065,3892.005,-0.044898878165357,-0.037677712334056,0.0,0.0,2016-10-21
2016-11-04,4453.087,371.894,176.232,3904.961,-0.053091643148885,-0.0425928949862983,0.0,0.0,2016-10-28
2016-11-11,4455.087,365.454,130.993,3958.64,-0.0450454661420485,-0.0455855164649834,0.0,0.0,2016-11-04
2016-11-18,4453.633,375.908,116.044,3961.681,-0.0422218640363418,-0.0479938903422146,0.0,0.0,2016-11-11
2016-11-25,4465.782,386.683,119.371,3959.728,-0.0440908909514864,-0.0495783539401627,0.0,0.0,2016-11-18
2016-12-02,4446.307,422.034,208.524,3815.749,-0.0816829589786684,-0.0519789600091051,0.0,0.0,2016-11-25
2016-12-09,4448.618,344.032,185.812,3918.774,-0.0685866075158271,-0.055505511389906,0.0,0.0,2016-12-02
2016-12-16,4470.973,325.271,169.563,3976.139,-0.0401383743334657,-0.0586965136938523,0.0,0.0,2016-12-09
2016-12-23,4469.089,387.014,307.477,3774.598,-0.072941055742281,-0.0603572867794002,0.0,0.0,2016-12-16
2016-12-30,4451.451,372.825,323.912,3754.714,-0.0574261303070865,-0.0604192398218739,0.0,0.0,2016-12-23
2017-01-06,4453.101,371.833,266.468,3814.8,-0.0694513312658356,-0.0585782121364306,1.1538461538461535,0.0,2016-12-30
2017-01-13,4452.509,369.01,158.82,3924.679,-0.047630780656122,-0.0562323489941036,1.5384615384615383,1.1538461538461535,2017-01-06
2017-01-20,4460.758,396.916,130.118,3933.724,-0.0351533806867678,-0.0540276432253979,2.3076923076923075,1.5384615384615383,2017-01-13
2017-01-27,4452.838,401.735,108.36,3942.743,-0.0343607457582117,-0.0532170176556175,2.6923076923076925,2.3076923076923075,2017-01-20
2017-02-03,4453.881,339.229,133.73,3980.922,-0.0423261822843393,-0.0523889052814217,3.076923076923077,2.6923076923076925,2017-01-27
2017-02-10,4456.236,287.035,122.934,4046.267,-0.022093971273002,-0.0506234056761104,3.8461538461538463,3.076923076923077,2017-02-03
2017-02-17,4454.676,274.178,105.123,4075.375000000001,-0.0166294788033597,-0.0486547606581887,4.615384615384615,3.8461538461538463,2017-02-10
2017-02-24,4468.702,228.171,177.833,4062.698,-0.0173035903376385,-0.0465941990725081,5.384615384615385,4.615384615384615,2017-02-17
2017-03-03,4458.018,148.385,156.01,4153.623,0.0382885354417303,-0.0373656225786313,6.923076923076923,5.384615384615385,2017-02-24
2017-03-10,4459.84,66.163,212.124,4181.553000000001,0.0094648348876796,-0.0313616654706692,7.6923076923076925,6.923076923076923,2017-03-03
2017-03-17,4469.577,23.416,226.51,4219.651,0.0131660479808356,-0.027261325292646,8.846153846153847,7.6923076923076925,2017-03-10
2017-03-24,4478.236,54.245,251.013,4172.978,0.0580600527262696,-0.0171843169489114,21.153846153846157,8.846153846153847,2017-03-17
2017-03-31,4469.618,63.101,260.357,4146.160000000001,0.0766826342970548,-0.0068682581332082,35.0,21.153846153846157,2017-03-24
2017-04-07,4474.634,82.953,174.644,4217.036999999999,0.0990826079525794,0.006095891037439,50.38461538461539,35.0,2017-03-31
2017-04-14,4484.492,119.157,105.528,4259.807,0.0815640427351983,0.0160339543752329,56.15384615384615,50.38461538461539,2017-04-07
2017-04-21,4479.27,229.485,116.567,4133.218000000001,0.0668671985311835,0.0238816912381523,59.61538461538461,56.15384615384615,2017-04-14
2017-04-28,4470.142,270.845,122.323,4076.974,0.0464305975691463,0.0300964099556413,60.76923076923077,59.61538461538461,2017-04-21
2017-05-05,4471.246,203.408,186.667,4081.171,0.0441361609946829,0.0367473594386431,62.30769230769231,60.76923076923077,2017-04-28
2017-05-12,4473.459,188.256,187.269,4097.933999999999,0.0345824123338625,0.0411070812545557,64.61538461538461,62.30769230769231,2017-05-05
2017-05-19,4467.108,172.891,167.158,4127.059,0.0408966166237253,0.0455321655181776,66.53846153846153,64.61538461538461,2017-05-12
2017-05-26,4470.852,163.058,184.946,4122.848,0.0403688506470836,0.049968507132387,68.07692307692308,66.53846153846153,2017-05-19
2017-06-02,4459.914,189.831,256.176,4013.907,0.0506281054555406,0.0509177048257571,68.07692307692308,68.07692307692308,2017-05-26
2017-06-09,4462.443,154.76,165.138,4142.545,0.0555314834827568,0.0544612931792245,68.84615384615384,68.07692307692308,2017-06-02
2017-06-16,4476.269,163.941,163.056,4149.272000000001,0.0426216492258754,0.0567271086596122,68.84615384615384,68.84615384615384,2017-06-09
2017-06-23,4474.257,225.126,198.769,4050.361999999999,0.0705123728758069,0.0576849794403459,68.84615384615384,68.84615384615384,2017-06-16
2017-06-30,4463.347,197.597,263.699,4002.051,0.063794862506322,0.0566936123795203,68.07692307692308,68.84615384615384,2017-06-23
2017-07-07,4467.272,165.044,240.029,4062.199,0.0628362138805726,0.0539054282201351,66.92307692307692,68.07692307692308,2017-06-30
2017-07-14,4466.702,162.156,179.172,4125.374000000001,0.049872117892904,0.051467587847651,66.53846153846153,66.92307692307692,2017-07-07
2017-07-21,4476.903,189.282,144.731,4142.89,0.051807052028892,0.0503091150397824,65.38461538461539,66.53846153846153,2017-07-14
2017-07-28,4465.284,183.534,103.311,4178.439,0.058061057839258,0.051203765829791,65.76923076923077,65.38461538461539,2017-07-21
2017-08-04,4466.846,165.407,119.334,4182.105,0.0493012575361033,0.0516010809483618,66.53846153846153,65.76923076923077,2017-07-28
2017-08-11,4469.083,139.553,103.95,4225.58,0.0433618018233091,0.0522764186013961,66.53846153846153,66.53846153846153,2017-08-04
2017-08-18,4462.871,96.029,92.84,4274.002,0.0475878578438596,0.0527911294644834,66.53846153846153,66.53846153846153,2017-08-11
2017-08-25,4463.837,67.93,169.793,4226.1140000000005,0.0394356097640097,0.0527193417042469,66.15384615384616,66.53846153846153,2017-08-18
2017-09-01,4452.36,66.877,146.086,4239.396999999999,0.0204400767115152,0.0503971856470142,63.46153846153846,66.15384615384616,2017-08-25
2017-09-08,4453.474,38.662,145.128,4269.684,0.0208571111816563,0.0477299262392372,61.92307692307692,63.46153846153846,2017-09-01
2017-09-15,4471.174,73.22,125.668,4272.286,0.0123966237763801,0.0454049242815838,59.61538461538461,61.92307692307692,2017-09-08
2017-09-22,4458.576,151.204,168.025,4139.347000000001,-0.0080918836809148,0.0393584430079898,55.38461538461539,59.61538461538461,2017-09-15
2017-09-29,4455.661,155.159,220.083,4080.419,-0.0159829254607485,0.0332216900874459,53.07692307692308,55.38461538461539,2017-09-22
2017-10-06,4460.422,154.619,178.738,4127.065,-0.021566248150052,0.026729193008167,51.15384615384615,53.07692307692308,2017-09-29
2017-10-13,4459.415,155.307,129.805,4174.303,-0.020276455832668,0.0213331488754307,49.23076923076923,51.15384615384615,2017-10-06
2017-10-20,4469.723,196.106,121.457,4152.16,0.0045724004388077,0.0176997141377319,48.46153846153846,49.23076923076923,2017-10-13
2017-10-27,4461.117,185.092,112.057,4163.968000000001,0.0211134192262294,0.0148575880905759,45.0,48.46153846153846,2017-10-20
2017-11-03,4455.887,181.764,87.165,4186.958,0.0255904988976543,0.013033683579926,43.46153846153846,45.0,2017-10-27
2017-11-10,4458.552,160.437,74.546,4223.569,0.0301975609433489,0.0120210496660829,42.69230769230769,43.46153846153846,2017-11-03
2017-11-17,4448.289,148.165,35.038,4265.086,0.0328972980998434,0.0108910066088509,41.92307692307692,42.69230769230769,2017-11-10
2017-11-24,4450.615,151.783,51.634,4247.197999999999,0.0297152847030043,0.0101432892964658,41.15384615384615,41.92307692307692,2017-11-17
2017-12-01,4438.592,178.685,67.019,4192.887999999999,0.0436246754496425,0.0119267199686295,42.30769230769231,41.15384615384615,2017-11-24
2017-12-08,4437.148,122.127,76.368,4238.652999999999,0.0229351968258717,0.0120865727104922,42.69230769230769,42.30769230769231,2017-12-01
2017-12-15,4452.726,64.734,143.392,4244.599999999999,0.0227146896517271,0.0128802700855189,43.07692307692308,42.69230769230769,2017-12-08
2017-12-22,4447.47,170.817,127.582,4149.071,0.0240781939214554,0.0153548914395474,45.0,43.07692307692308,2017-12-15
2017-12-29,4448.68,186.486,147.749,4114.445000000001,0.0276969729064196,0.0187148836216372,48.46153846153846,45.0,2017-12-22
2018-01-05,4443.718,169.957,131.622,4142.138999999999,0.0194878684744302,0.0218728925927513,49.61538461538461,48.46153846153846,2017-12-29
2018-01-12,4446.062,198.573,57.954,4189.535,0.015433066911851,0.0246197789577143,50.38461538461539,49.61538461538461,2018-01-05
2018-01-19,4439.145,256.72,20.548,4161.877,0.0045725625010768,0.0246197914240427,50.38461538461539,50.38461538461539,2018-01-12
2018-01-26,4441.317,275.963,36.371,4128.983,-0.0119066021368365,0.0220797897807299,49.61538461538461,50.38461538461539,2018-01-19
2018-02-02,4419.225,275.794,65.797,4077.634000000001,-0.0252977900481569,0.0181653060156675,48.07692307692308,49.61538461538461,2018-01-26
2018-02-09,4420.745,202.221,48.12,4170.404,-0.0131436158819599,0.0148313693367976,44.23076923076923,48.07692307692308,2018-02-02
2018-02-16,4434.863,180.845,38.518,4215.5,-0.0137824164619714,0.0112406220628118,40.76923076923077,44.23076923076923,2018-02-09
2018-02-23,4411.66,208.817,45.171,4157.672,-0.0163275924482994,0.0076988622819423,37.30769230769231,40.76923076923077,2018-02-16
2018-03-02,4393.401,199.39,44.51,4149.500999999999,-0.0214329560997132,0.002694429085838,34.23076923076923,37.30769230769231,2018-02-23
2018-03-09,4396.097,187.515,14.295,4194.286999999999,-0.0178164585877467,-0.0004403136382864,31.53846153846154,34.23076923076923,2018-03-02
2018-03-16,4407.258,236.16,4.97,4166.128,-0.0251619796997823,-0.0041231343576333,28.07692307692308,31.53846153846154,2018-03-09
2018-03-23,4401.222,298.973,20.586,4081.663,-0.0140335425182527,-0.007054806391457,26.53846153846154,28.07692307692308,2018-03-16
2018-03-30,4392.198,300.355,17.898,4073.945,-0.0015878617535945,-0.0093074859806889,23.846153846153847,26.53846153846154,2018-03-23
2018-04-06,4386.104,300.604,4.57,4080.93,-0.0112415969679409,-0.0116712910147174,21.923076923076923,23.846153846153847,2018-03-30
2018-04-13,4383.684,287.804,2.361,4093.519,-0.0195424069295628,-0.0143617120794416,19.615384615384617,21.923076923076923,2018-04-06
2018-04-20,4385.903,350.943,14.021,4020.939,-0.0321132233221476,-0.017183695604305,18.07692307692308,19.615384615384617,2018-04-13
2018-04-27,4372.886,403.067,3.57,3966.249,-0.0486476540169334,-0.0200099303643124,15.76923076923077,18.07692307692308,2018-04-20
2018-05-04,4356.129,384.961,6.52,3964.648,-0.0545573815892668,-0.0222606681751671,13.846153846153848,15.76923076923077,2018-04-27
2018-05-11,4358.207,338.377,2.72,4017.1100000000006,-0.0501177665912489,-0.0251048336143431,11.538461538461538,13.846153846153848,2018-05-04
2018-05-18,4337.609,327.748,2.545,4007.316,-0.0623406543308821,-0.0288400826811824,8.076923076923077,11.538461538461538,2018-05-11
2018-05-25,4337.301,312.169,2.929,4022.203,-0.0544297089101776,-0.0317710147167115,7.6923076923076925,8.076923076923077,2018-05-18
2018-06-01,4327.519,332.712,3.92,3990.887,-0.0493762446866483,-0.0339204984541681,7.3076923076923075,7.6923076923076925,2018-05-25
2018-06-08,4319.191,289.454,16.772,4012.965,-0.0547151604987589,-0.0367588601396305,7.3076923076923075,7.3076923076923075,2018-06-01
2018-06-15,4324.906,282.968,3.025,4038.913,-0.0496719904552614,-0.0386442455823597,6.538461538461538,7.3076923076923075,2018-06-08
2018-06-22,4315.896,380.09,0.32,3935.486,-0.052850072529985,-0.0416301325063391,6.538461538461538,6.538461538461538,2018-06-15
2018-06-29,4305.491,362.175,20.68,3922.636,-0.0477400758254933,-0.0451803028195621,6.153846153846154,6.538461538461538,2018-06-22
2018-07-06,4289.764,325.543,4.852,3959.369,-0.0451276519420912,-0.0477869224329583,5.384615384615385,6.153846153846154,2018-06-29
2018-07-13,4291.201,316.434,1.23,3973.537,-0.0529331192104989,-0.050355438762261,4.230769230769231,5.384615384615385,2018-07-06
2018-07-20,4291.615,335.801,6.021,3949.793,-0.0523030019587238,-0.0519084986573823,3.8461538461538463,4.230769230769231,2018-07-13
2018-07-27,4277.681,338.978,0.72,3937.983,-0.0473624663803339,-0.0518096380699516,4.230769230769231,3.8461538461538463,2018-07-20
2018-08-03,4255.653,310.204,0.795,3944.654,-0.0331556737525736,-0.0501633528517444,5.384615384615385,4.230769230769231,2018-07-27
2018-08-10,4258.03,311.69,1.659,3944.681,-0.0556448244340108,-0.0505885111473415,5.0,5.384615384615385,2018-08-03
2018-08-17,4228.924,318.117,0.315,3910.492,-0.0751050110973546,-0.0515703847447624,4.615384615384615,5.0,2018-08-10
2018-08-24,4228.818,334.992,1.126,3892.7,-0.0658522979787299,-0.0524490454423434,3.076923076923077,4.615384615384615,2018-08-17
2018-08-31,4218.914,345.255,0.84,3872.819,-0.0690054204067593,-0.0539589820361981,2.6923076923076925,3.076923076923077,2018-08-24
2018-09-07,4208.496,324.437,0.01,3884.049,-0.0768451950210264,-0.0556612923840648,1.9230769230769231,2.6923076923076925,2018-08-31
2018-09-14,4210.812,297.697,1.315,3911.8,-0.0629894411614858,-0.056685711669159,1.5384615384615383,1.9230769230769231,2018-09-07
2018-09-21,4208.059,399.519,8.915,3799.625,-0.0716021257575639,-0.0581281773020497,1.5384615384615383,1.5384615384615383,2018-09-14
2018-09-28,4192.909,367.243,5.625,3820.041,-0.0643506619228471,-0.0594059146941538,0.7692307692307693,1.5384615384615383,2018-09-21
2018-10-05,4174.704,350.281,2.954,3821.469,-0.0656899999479054,-0.0609876337715241,0.0,0.7692307692307693,2018-09-28
2018-10-12,4176.906,308.869,2.39,3865.647,-0.057275923557539,-0.0613216956443734,0.0,0.0,2018-10-05
2018-10-19,4175.446,360.638,0.174,3814.634,-0.0526707344007021,-0.0613499827552948,0.0,0.0,2018-10-12
2018-10-26,4173.07,360.681,6.444,3805.945,-0.0412564938854213,-0.0608802925633784,1.1538461538461535,0.0,2018-10-19
2018-11-02,4139.731,366.596,4.815,3768.32,-0.0507877955507891,-0.0622366096247796,0.0,1.1538461538461535,2018-10-26
2018-11-09,4141.936,316.157,1.875,3823.904,-0.0492908483503189,-0.0617478422337264,0.3846153846153846,0.0,2018-11-02
2018-11-16,4145.892,328.686,0.66,3816.546,-0.0487758654242515,-0.0597225233357954,3.076923076923077,0.3846153846153846,2018-11-09
2018-11-23,4106.198,317.331,16.205,3772.662,-0.0640489093947664,-0.0595838011370289,3.4615384615384617,3.076923076923077,2018-11-16
2018-11-30,4097.17,332.336,1.464,3763.37,-0.0586986793784031,-0.0587909749040785,4.230769230769231,3.4615384615384617,2018-11-23
2018-12-07,4086.044,328.613,2.21,3755.221,-0.0663832312477181,-0.0579862084599778,5.769230769230769,4.230769230769231,2018-11-30
2018-12-14,4088.314,322.663,0.461,3765.19,-0.0701772715781538,-0.0585391184920292,5.384615384615385,5.769230769230769,2018-12-07
2018-12-21,4084.274,396.293,5.982,3681.999,-0.0665785700122476,-0.0581526911270049,5.769230769230769,5.384615384615385,2018-12-14
2018-12-28,4075.636,368.236,1.005,3706.395,-0.0567041706879778,-0.0575644994935534,6.923076923076923,5.769230769230769,2018-12-21
2019-01-04,4058.378,382.616,19.481,3656.281,-0.0796381585409671,-0.0586374347699428,5.0,6.923076923076923,2018-12-28
2019-01-11,4056.563,349.443,2.537,3704.583,-0.0700859282382214,-0.0596228197453799,3.4615384615384617,5.0,2019-01-04
2019-01-18,4050.044,396.414,1.316,3652.314,-0.0783022331551412,-0.0615944734957213,0.7692307692307693,3.4615384615384617,2019-01-11
2019-01-25,4047.052,402.227,11.415,3633.41,-0.0804970620336792,-0.064612978737895,0.0,0.7692307692307693,2019-01-18
2019-02-01,4039.678,411.384,0.99,3627.304,-0.0838715718803712,-0.0671578846094013,0.0,0.0,2019-01-25
2019-02-08,4026.35,353.896,1.926,3670.528,-0.0720325682497923,-0.0689072476785916,0.0,0.0,2019-02-01
2019-02-15,4028.431,375.119,1.697,3651.615,-0.0684936617945202,-0.0704240012455353,0.0,0.0,2019-02-08
2019-02-22,3981.42,331.003,2.275,3648.142,-0.0648850073735883,-0.0704883164746755,0.0,0.0,2019-02-15
2019-03-01,3974.59,266.024,1.915,3706.651,-0.0438538921157781,-0.0693464097621659,0.7692307692307693,0.0,2019-02-22
2019-03-08,3969.134,213.611,2.115,3753.408,-0.0342139389358102,-0.066871848815096,1.9230769230769231,0.7692307692307693,2019-03-01
2019-03-15,3971.559,238.381,0.016,3733.162,-0.0467420303985932,-0.0650691379551298,2.3076923076923075,1.9230769230769231,2019-03-08
2019-03-22,3962.748,314.749,0.617,3647.382,-0.0408927276859968,-0.0630933039300336,3.076923076923077,2.3076923076923075,2019-03-15
2019-03-29,3955.617,295.593,0.166,3659.858,-0.0428368066987662,-0.0620265836231712,3.8461538461538463,3.076923076923077,2019-03-22
2019-04-05,3935.509,270.47,0.016,3665.023,-0.0418002927712602,-0.059115978563963,8.846153846153847,3.8461538461538463,2019-03-29
2019-04-12,3936.784,245.664,2.731,3688.389,-0.0469392904154363,-0.0573354679622103,12.692307692307692,8.846153846153847,2019-04-05
2019-04-19,3931.827,369.365,0.015,3562.447000000001,-0.0683970547526106,-0.0565735311620156,13.461538461538462,12.692307692307692,2019-04-12
2019-04-26,3928.273,398.916,9.515,3519.842,-0.0781482156635444,-0.0563928506720052,13.846153846153848,13.461538461538462,2019-04-19
2019-05-03,3889.691,368.764,0.027,3520.9,-0.0679126400509937,-0.0551652405312839,15.384615384615383,13.846153846153848,2019-04-26
2019-05-10,3892.216,344.461,0.021,3547.734,-0.0749628004498195,-0.0553906430082091,15.384615384615383,15.384615384615383,2019-05-03
2019-05-17,3864.749,294.969,0.46,3569.32,-0.0669707236536494,-0.0552734939204498,15.76923076923077,15.384615384615383,2019-05-10
2019-05-24,3860.435,264.581,3.751,3592.103,-0.0490430282219952,-0.054054880139558,16.53846153846154,15.76923076923077,2019-05-17
2019-05-31,3851.444,249.011,2.226,3600.207,-0.0443234887725124,-0.0540910029593068,16.53846153846154,16.53846153846154,2019-05-24
2019-06-07,3847.645,207.647,2.255,3637.743,-0.0317837039543789,-0.053904061806889,18.07692307692308,16.53846153846154,2019-05-31
2019-06-14,3849.955,173.062,1.705,3675.188,-0.0241940369670503,-0.0521696007736934,19.615384615384617,18.07692307692308,2019-06-07
2019-06-21,3844.016,258.641,22.357,3563.018,-0.0328478726858475,-0.0515507657736819,21.53846153846154,19.615384615384617,2019-06-14
2019-06-28,3826.817,240.909,7.784,3578.124,-0.0352210653829305,-0.0509649395186176,21.923076923076923,21.53846153846154,2019-06-21
2019-07-05,3813.198,220.911,6.849,3585.438,-0.0195658682736105,-0.0492545991726446,24.23076923076923,21.923076923076923,2019-06-28
2019-07-12,3815.038,195.226,6.252,3613.56,-0.0248772658032547,-0.0475575203563229,25.76923076923077,24.23076923076923,2019-07-05
2019-07-19,3808.11,206.203,1.96,3599.947,-0.0144418161899355,-0.0434071173899633,27.307692307692307,25.76923076923077,2019-07-12
2019-07-26,3803.436,178.227,8.255,3616.954,-0.0045393660945773,-0.0377448981923504,28.846153846153847,27.307692307692307,2019-07-19
2019-08-02,3779.102,176.662,7.367,3595.073,-0.0089253756667917,-0.0332074163166426,31.153846153846157,28.846153846153847,2019-07-26
2019-08-09,3781.543,133.077,3.622,3644.844000000001,-0.0070219547372694,-0.0279811974156772,33.07692307692308,31.153846153846157,2019-08-02
2019-08-16,3786.018,130.981,2.744,3652.293,0.0001856540367012,-0.0228153222087271,38.84615384615385,33.07692307692308,2019-08-09
2019-08-23,3764.866,131.447,15.153,3618.266,-0.0082230913400832,-0.0196753270639647,42.69230769230769,38.84615384615385,2019-08-16
2019-08-30,3759.946,150.146,4.255,3605.545,-0.027655835297989,-0.0183931998736167,44.23076923076923,42.69230769230769,2019-08-23
2019-09-06,3761.508,174.779,1.425,3585.304,-0.0458209590486912,-0.0194729887270253,43.46153846153846,44.23076923076923,2019-08-30
2019-09-13,3769.673,183.581,3.612,3582.48,-0.0412002977117302,-0.0207811626304623,40.76923076923077,43.46153846153846,2019-09-06
2019-09-20,3844.695,303.057,18.91,3522.728,-0.0347739605136327,-0.0209293232325996,40.76923076923077,40.76923076923077,2019-09-13
2019-09-27,3857.715,305.81,0.133,3551.7720000000004,-0.0299777149658921,-0.0205259885851351,41.92307692307692,40.76923076923077,2019-09-20
2019-10-04,3945.831,335.185,3.054,3607.592,-0.0157940971325223,-0.0202358523435129,42.69230769230769,41.92307692307692,2019-09-27
2019-10-11,3949.955,297.389,1.469,3651.097,-0.0101621069713241,-0.019103917048749,45.76923076923077,42.69230769230769,2019-10-04
2019-10-18,3966.471,361.497,1.803,3603.171,0.01136662279825,-0.0171186525111963,48.07692307692308,45.76923076923077,2019-10-11
2019-10-25,3968.7,375.17,18.29,3575.24,0.0156162045208472,-0.0155682240023175,50.0,48.07692307692308,2019-10-18
2019-11-01,4019.823,400.616,0.196,3619.011,0.0274841453435019,-0.0127674916169103,52.30769230769231,50.0,2019-10-25
2019-11-08,4039.443,378.184,1.65,3659.609,0.0310472212836879,-0.009839093461452,55.38461538461539,52.30769230769231,2019-11-01
2019-11-15,4047.882,370.185,1.762,3675.935,0.0294324206155998,-0.0075893421861521,59.23076923076923,55.38461538461539,2019-11-08
2019-11-22,4030.249,357.551,26.026,3646.672,0.0150771459857077,-0.0057970162380143,61.15384615384615,59.23076923076923,2019-11-15
2019-11-29,4052.875,358.896,0.506,3693.473,0.0255758640114994,-0.0017022701372845,65.38461538461539,61.15384615384615,2019-11-22
2019-12-06,4065.696,338.453,0.0,3727.243,0.0243053838743497,0.0036920639337186,70.0,65.38461538461539,2019-11-29
2019-12-13,4095.491,304.16,0.605,3790.726,0.030953269658982,0.0092423383468503,74.61538461538461,70.0,2019-12-06
2019-12-20,4137.052,378.573,13.362,3745.117,0.0498449196032378,0.015751482971225,82.6923076923077,74.61538461538461,2019-12-13
2019-12-27,4165.591,351.934,4.423,3809.234,0.062589478338063,0.0228720363022984,88.07692307692308,82.6923076923077,2019-12-20
2020-01-03,4173.626,403.853,64.087,3705.686,0.0329877544836698,0.0266244864266209,89.61538461538461,88.07692307692308,2019-12-27
2020-01-10,4149.544,350.84,0.876,3797.828,0.0497358883682396,0.0312320245296643,91.15384615384616,89.61538461538461,2020-01-03
2020-01-17,4175.85,380.802,0.675,3794.373,0.0526000566749231,0.0344038271355622,91.92307692307692,91.15384615384616,2020-01-10
2020-01-24,4145.912,411.708,15.604,3718.6,0.0277150181966044,0.0353345051106205,91.92307692307692,91.92307692307692,2020-01-17
2020-01-31,4151.63,450.537,0.3,3700.793,0.0289828240629514,0.0354497880890396,91.92307692307692,91.92307692307692,2020-01-24
2020-02-07,4166.707,416.585,4.112,3746.01,0.0273777073416456,0.0351675177858056,91.15384615384616,91.92307692307692,2020-01-31
2020-02-14,4182.689,404.341,0.309,3778.039,0.0338499024227981,0.035507324078667,91.92307692307692,91.15384615384616,2020-02-07
2020-02-21,4171.57,421.051,0.095,3750.424,0.0358739947044093,0.0371070816724133,92.3076923076923,91.92307692307692,2020-02-14
2020-02-28,4158.637,387.615,2.3,3768.722,0.0442630137179875,0.0385445547267586,92.3076923076923,92.3076923076923,2020-02-21
2020-03-06,4241.507,381.302,5.025,3855.18,0.0725744303072948,0.0422575582985236,93.07692307692308,92.3076923076923,2020-02-28
2020-03-13,4311.911,372.337,1.325,3938.249,0.094680910273064,0.0471596844996068,93.84615384615384,93.07692307692308,2020-03-06
2020-03-20,4668.212,401.354,0.477,4266.381,0.1915302374384243,0.0580585551023134,100.0,93.84615384615384,2020-03-13
2020-03-27,5254.278,384.89,97.411,4771.977,0.295314050561472,0.0759604452733449,100.0,100.0,2020-03-20
2020-04-03,5811.607,506.933,207.828,5096.846,0.3455814032839618,0.1000061105656751,100.0,100.0,2020-03-27
2020-04-10,6083.141,827.178,53.483,5202.48,0.3541077645885214,0.123419331813389,100.0,100.0,2020-04-03
2020-04-17,6367.887,856.155,3.15,5508.582,0.424492948682957,0.1520264773524686,100.0,100.0,2020-04-10
2020-04-24,6573.136,949.999,10.825,5612.312000000001,0.4509304490883107,0.1845815104979844,100.0,100.0,2020-04-17
2020-05-01,6655.929,1076.232,1.45,5578.247,0.4326737852385927,0.2156346613576492,100.0,100.0,2020-04-24
2020-05-08,6721.42,1143.268,1.175,5576.977,0.4212905622124786,0.2459356501938671,100.0,100.0,2020-05-01
2020-05-15,6934.227,1138.172,13.825,5782.2300000000005,0.4529818993525418,0.2781765730346166,100.0,100.0,2020-05-08
2020-05-22,7037.258,1193.297,9.726,5834.235,0.4699281808974897,0.3115653565879305,100.0,100.0,2020-05-15
2020-05-29,7097.316,1326.897,4.326,5766.093,0.4454275202978949,0.3424241647863849,100.0,100.0,2020-05-22
2020-06-05,7165.217,1431.462,0.013,5733.741999999999,0.4306995534164569,0.3699722511793973,100.0,100.0,2020-05-29
2020-06-12,7168.936,1504.569,0.012,5664.3550000000005,0.4016354735030781,0.3935841406586292,100.0,100.0,2020-06-05
2020-06-19,7094.69,1565.306,0.001,5529.383,0.389623377935884,0.4088220745430492,100.0,100.0,2020-06-12
2020-06-26,7082.302,1586.573,0.001,5495.727999999999,0.3665429441001683,0.414301220199872,100.0,100.0,2020-06-19
2020-07-03,7009.04,1656.747,0.002,5352.290999999999,0.3676562967404981,0.4159992889272979,100.0,100.0,2020-06-26
2020-07-10,6920.716,1624.404,0.001,5296.311,0.3325812161040477,0.4143434005823384,99.6153846153846,100.0,2020-07-03
2020-07-17,6958.604,1740.455,0.001,5218.148,0.3186233698635202,0.406199586826997,98.46153846153848,99.6153846153846,2020-07-10
2020-07-24,6964.755,1777.18,0.0,5187.575,0.3329190899198031,0.3971217899678811,98.07692307692308,98.46153846153848,2020-07-17
2020-07-31,6949.032,1792.434,0.001,5156.597,0.3317297447958852,0.3893568637799806,97.3076923076923,98.07692307692308,2020-07-24
2020-08-07,6945.237,1706.637,0.0,5238.6,0.3353630135301979,0.382747052342882,96.92307692307692,97.3076923076923,2020-07-31
2020-08-14,6957.277,1635.143,0.103,5322.031,0.3426499054681804,0.3742599758902388,96.53846153846152,96.92307692307692,2020-08-07
2020-08-21,7010.637,1636.393,0.112,5374.132,0.3597281723435498,0.3657830521553204,95.76923076923076,96.53846153846152,2020-08-14
2020-08-28,6990.418,1607.449,0.009,5382.959999999999,0.3565024568038546,0.3589426626557788,95.3846153846154,95.76923076923076,2020-08-21
2020-09-04,7017.492,1651.823,0.014,5365.655,0.3306007577031921,0.35124275529322,95.0,95.3846153846154,2020-08-28
2020-09-11,7010.614,1570.533,0.001,5440.08,0.3230575583580528,0.3451983002820642,94.6153846153846,95.0,2020-09-04
2020-09-18,7064.475,1692.809,0.055,5371.611,0.2303619366387699,0.3329474201822862,93.84615384615384,94.6153846153846,2020-09-11
2020-09-25,7093.161,1661.732,0.001,5431.428,0.1294413983551864,0.3147088397403645,93.46153846153848,93.84615384615384,2020-09-18
2020-10-02,7056.129,1781.679,0.85,5273.599999999999,0.0340913242427887,0.2890499957020792,92.6923076923077,93.46153846153848,2020-09-25
2020-10-09,7074.649,1687.434,0.011,5387.204,0.034891076952499,0.2661507542288831,91.92307692307692,92.6923076923077,2020-10-02
2020-10-16,7151.426,1647.937,0.0,5503.4890000000005,-0.0009249850210971,0.241570111545451,91.15384615384616,91.92307692307692,2020-10-09
2020-10-23,7177.265,1699.497,0.0,5477.768,-0.0242650371271304,0.2140944094649176,90.3846153846154,91.15384615384616,2020-10-16
2020-10-30,7146.306,1653.039,0.005,5493.262,-0.0153523190372453,0.1873957891700614,90.0,90.3846153846154,2020-10-23
2020-11-06,7157.479,1618.568,0.0,5538.911,-0.0068489622782775,0.1610717910309479,89.23076923076923,90.0,2020-10-30
2020-11-13,7175.417,1570.768,0.0,5604.649,-0.0311929895214176,0.1323146452625173,88.46153846153847,89.23076923076923,2020-11-06
2020-11-20,7243.08,1546.924,0.103,5696.053,-0.0239696729033313,0.1027994263973726,87.6923076923077,88.46153846153847,2020-11-13
2020-11-27,7216.48,1484.036,0.0,5732.444,-0.0058527612779434,0.0749259480833881,86.53846153846153,87.6923076923077,2020-11-20
2020-12-04,7222.414,1557.239,0.001,5665.173999999999,-0.0120307627564048,0.0485696772788037,80.0,86.53846153846153,2020-11-27
2020-12-11,7242.658,1502.361,0.003,5740.294000000001,0.0133173975509979,0.0247435110628764,71.92307692307692,80.0,2020-12-04
2020-12-18,7362.592,1615.873,0.026,5746.692999999999,0.0385483228509303,0.0099886176945811,62.69230769230769,71.92307692307692,2020-12-11
2020-12-25,7404.039,1583.308,0.857,5819.874,0.0573075488676794,0.0044398600416959,60.38461538461539,62.69230769230769,2020-12-18
2021-01-01,7363.351,1613.514,0.652,5749.185,0.0715334120877621,0.0073200206451554,61.53846153846154,60.38461538461539,2020-12-25
2021-01-08,7334.809,1607.396,0.004,5727.409000000001,0.0782527064853908,0.010655530609224,63.07692307692308,61.53846153846154,2021-01-01
2021-01-15,7333.968,1575.875,0.0,5758.093,0.0984637938311111,0.0183008212901631,68.46153846153847,63.07692307692308,2021-01-08
2021-01-22,7414.942,1638.331,1.806,5774.805,0.1072381463203704,0.0284164507861247,72.6923076923077,68.46153846153847,2021-01-15
2021-01-29,7404.926,1613.377,1.152,5790.397000000001,0.115923989922073,0.03851462839838,76.53846153846153,72.6923076923077,2021-01-22
2021-02-05,7410.598,1629.729,0.178,5780.691,0.098468938649064,0.0466160053927909,78.84615384615384,76.53846153846153,2021-01-29
2021-02-12,7442.225,1576.744,0.0,5865.481000000001,0.0972294932614545,0.0564946579145503,84.61538461538461,78.84615384615384,2021-02-05
2021-02-19,7557.402,1568.893,0.05,5988.459,0.1082370443252982,0.0666644053936756,86.15384615384616,84.61538461538461,2021-02-12
2021-02-26,7590.111,1439.646,0.001,6150.464,0.1332891173763618,0.0773676268286222,86.92307692307692,86.15384615384616,2021-02-19
2021-03-05,7557.524,1420.238,0.507,6136.779,0.1342815554427903,0.0886224205362526,86.92307692307692,86.92307692307692,2021-02-26
2021-03-12,7579.901,1310.273,0.1,6269.527999999999,0.1419073060622832,0.0985139519601976,86.92307692307692,86.92307692307692,2021-03-05
2021-03-19,7693.506,1089.501,0.0,6604.005,0.2065484196447226,0.1114370363289509,87.6923076923077,86.92307692307692,2021-03-12
2021-03-26,7719.622,1031.908,21.902,6665.812,0.20478969387038,0.122781816713774,87.6923076923077,87.6923076923077,2021-03-19
2021-04-02,7688.988,1121.951,134.307,6432.7300000000005,0.198685779168507,0.1325627680276775,88.46153846153847,87.6923076923077,2021-03-26
2021-04-09,7708.882,954.968,35.035,6718.879,0.2208948132184787,0.1435352377763765,88.46153846153847,88.46153846153847,2021-04-02
2021-04-16,7793.104,921.685,50.856,6820.563,0.2145597650166162,0.1524656970983385,88.84615384615384,88.46153846153847,2021-04-09
2021-04-23,7820.948,1003.443,81.329,6736.176,0.2067946861437477,0.1601238924693675,88.84615384615384,88.84615384615384,2021-04-16
2021-04-30,7780.962,932.287,166.732,6681.943,0.1958865632260441,0.166274859646596,89.23076923076923,88.84615384615384,2021-04-23
2021-05-07,7810.486,946.134,162.8,6701.552,0.1905412303235599,0.1733573436215572,89.23076923076923,89.23076923076923,2021-04-30
2021-05-14,7830.663,864.253,209.257,6757.153,0.1870052155936279,0.1802631684163398,89.23076923076923,89.23076923076923,2021-05-07
2021-05-21,7922.883,860.833,293.998,6768.052000000001,0.17243982664787,0.1852018439796146,89.61538461538461,89.23076923076923,2021-05-14
2021-05-28,7903.541,778.912,450.283,6674.346,0.1521292551176581,0.1866510853443297,89.61538461538461,89.61538461538461,2021-05-21
2021-06-04,7935.703,812.087,438.778,6684.838,0.1655043679775812,0.1890528401546982,90.0,89.61538461538461,2021-05-28
2021-06-11,7952.327,673.555,502.904,6775.868,0.1658570481085292,0.1908951280044094,90.0,90.0,2021-06-04
2021-06-18,8064.257,765.114,520.942,6778.201,0.1650871685870557,0.1877058009999735,89.23076923076923,90.0,2021-06-11
2021-06-25,8101.945,733.877,813.65,6554.418,0.118860714064036,0.1810958794764086,87.3076923076923,89.23076923076923,2021-06-18
2021-07-02,8078.544,851.929,991.939,6234.676,0.0810685074335858,0.1720483970352608,86.15384615384616,87.3076923076923,2021-06-25
2021-07-09,8097.773,724.898,785.72,6587.155,0.1398582936186239,0.1658148186045027,85.38461538461539,86.15384615384616,2021-07-02
2021-07-16,8201.651,657.542,859.975,6684.133999999999,0.149130314906691,0.1607817839806624,84.61538461538461,85.38461538461539,2021-07-09
2021-07-23,8240.53,616.294,886.206,6738.030000000001,0.1542631077302011,0.1567408933334664,83.84615384615384,84.61538461538461,2021-07-16
2021-07-30,8221.473,536.966,965.189,6719.317999999999,0.1487858055612702,0.1531177581284838,83.46153846153847,83.84615384615384,2021-07-23
2021-08-06,8235.073,505.871,931.755,6797.447,0.1620238747981627,0.150924115395761,82.3076923076923,83.46153846153847,2021-07-30
2021-08-13,8257.159,389.747,1000.46,6866.951999999999,0.1576358489843125,0.1486649333488906,81.92307692307692,82.3076923076923,2021-08-06
2021-08-20,8342.598,313.651,1115.656,6913.291,0.1436116737552631,0.1464473831263824,81.53846153846153,81.92307692307692,2021-08-13
2021-08-27,8332.743,258.2,1147.089,6927.454000000001,0.1189648314039525,0.1438962736099434,81.15384615384616,81.53846153846153,2021-08-20
2021-09-03,8349.173,296.934,1084.115,6968.124000000001,0.1270460233508468,0.140937939407887,80.38461538461539,81.15384615384616,2021-08-27
2021-09-10,8357.314,200.702,1115.229,7041.383,0.1161035270356792,0.1371107454792062,80.0,80.38461538461539,2021-09-03
2021-09-17,8448.77,344.668,1081.342,7022.76,0.0614800199883064,0.1291409648177639,78.84615384615384,80.0,2021-09-10
2021-09-24,8489.824,272.679,1283.281,6933.8640000000005,0.0394254569042236,0.1230305604208553,78.07692307692308,78.84615384615384,2021-09-17
2021-10-01,8447.981,173.745,1415.84,6858.395999999999,0.0640745746943626,0.1217233348255304,77.3076923076923,78.07692307692308,2021-09-24
2021-10-08,8464.032,95.854,1451.175,6917.003,0.0290612581887728,0.1132004859463111,76.92307692307692,77.3076923076923,2021-10-01
2021-10-15,8480.942,72.46,1364.701,7043.781,0.0322030800931922,0.1042060832683497,76.15384615384616,76.92307692307692,2021-10-08
2021-10-22,8564.943,117.364,1493.961,6953.618,0.0317696947991078,0.0947835130428809,74.61538461538461,76.15384615384616,2021-10-15
2021-10-29,8556.181,236.495,1433.37,6886.316,0.0301274405573776,0.08565594650412,73.84615384615384,74.61538461538461,2021-10-22
2021-11-05,8574.871,286.959,1343.985,6943.926999999999,0.0355283232668314,0.0759255194632483,72.6923076923077,73.84615384615384,2021-10-29
2021-11-12,8663.117,231.421,1448.623,6983.073,0.0328874302703422,0.0663294872544814,71.53846153846153,72.6923076923077,2021-11-05
2021-11-19,8674.97,178.972,1520.0,6975.998,0.030262094419853,0.0576102888440652,70.38461538461539,71.53846153846153,2021-11-12
2021-11-26,8681.771,141.042,1452.897,7087.832000000001,0.0601082890321678,0.0530828625077741,68.07692307692308,70.38461538461539,2021-11-19
2021-12-03,8650.402,159.148,1427.347,7063.907000000001,0.0551563209675727,0.0475528854013684,63.07692307692308,68.07692307692308,2021-11-26
2021-12-10,8664.524,125.144,1484.192,7055.187999999999,0.0403957560767475,0.0417292107122198,60.76923076923077,63.07692307692308,2021-12-03
2021-12-17,8756.666,58.294,1621.097,7077.275,0.0431772191013807,0.0403213029516871,60.0,60.76923076923077,2021-12-10
2021-12-24,8790.495,197.516,1699.277,6893.702000000001,0.050468915078293,0.0411707997343078,60.38461538461539,60.0,2021-12-17
2021-12-31,8757.46,283.995,1642.506,6830.958999999998,0.0913384606157488,0.0432680217282606,61.15384615384615,60.38461538461539,2021-12-24
2022-01-07,8765.721,434.757,1492.787,6838.177,0.0373996350642156,0.0439094353340639,61.15384615384615,61.15384615384615,2021-12-31
2022-01-14,8788.278,489.679,1536.981,6761.618,0.011525552120155,0.0423188562592148,60.38461538461539,61.15384615384615,2022-01-07
2022-01-21,8867.834,580.171,1656.576,6631.087,-0.0159988548405057,0.038644352440783,57.69230769230769,60.38461538461539,2022-01-14
2022-01-28,8860.485,639.62,1613.046,6607.819,-0.0167330164871815,0.0350397018988939,54.23076923076923,57.69230769230769,2022-01-21
2022-02-04,8873.211,710.267,1626.895,6536.048999999999,-0.0392142460402825,0.0292902734906543,52.30769230769231,54.23076923076923,2022-01-28
2022-02-11,8878.009,679.019,1653.153,6545.837,-0.0478910645959235,0.0230765431163262,49.23076923076923,52.30769230769231,2022-02-04
2022-02-18,8911.033,709.261,1644.134,6557.637999999999,-0.0528153135386729,0.0166859732733627,45.76923076923077,49.23076923076923,2022-02-11
2022-02-25,8928.129,674.797,1738.322,6515.01,-0.0613836120358099,0.0073404424219797,38.84615384615385,45.76923076923077,2022-02-18
2022-03-04,8904.455,685.491,1526.211,6692.753,-0.0403207358198308,-3.946561666632405e-06,36.53846153846154,38.84615384615385,2022-02-25
2022-03-11,8910.748,609.369,1542.504,6758.874999999999,-0.0409481436528711,-0.0062611696177911,34.61538461538461,36.53846153846154,2022-03-04
2022-03-18,8954.306,621.527,1613.637,6719.142000000001,-0.0441958353507733,-0.0129821738064183,31.53846153846154,34.61538461538461,2022-03-11
2022-03-25,8962.474,576.442,1803.186,6582.846,-0.051950058949226,-0.0208605564239198,26.53846153846154,31.53846153846154,2022-03-18
2022-04-01,8937.142,556.791,1785.939,6594.412,-0.0392509714147773,-0.0309058973493449,24.23076923076923,26.53846153846154,2022-03-25
2022-04-08,8937.592,545.584,1731.472,6660.536,-0.0377826215379933,-0.0366891478572071,23.07692307692308,24.23076923076923,2022-04-01
2022-04-15,8965.487,543.536,1815.555,6606.395999999999,-0.0641068291850134,-0.0425070233422201,21.53846153846154,23.07692307692308,2022-04-08
2022-04-22,8955.851,907.526,1866.56,6181.765000000001,-0.1176582702642752,-0.0503269783748177,19.23076923076923,21.53846153846154,2022-04-15
2022-04-29,8939.199,957.419,1803.162,6178.618,-0.1084416322090107,-0.0573814872764969,11.153846153846152,19.23076923076923,2022-04-22
2022-05-06,8939.972,964.412,1815.656,6159.904,-0.1198062716215736,-0.0635808738596731,3.076923076923077,11.153846153846152,2022-04-29
2022-05-13,8942.008,919.331,1876.119,6146.558,-0.127596827423594,-0.0697120863848786,0.7692307692307693,3.076923076923077,2022-05-06
2022-05-20,8945.898,866.726,1973.373,6105.798999999999,-0.1332364245794052,-0.0758983256957041,0.0,0.7692307692307693,2022-05-13
2022-05-27,8914.281,801.714,1995.75,6116.817000000001,-0.1473376478031599,-0.0825101746008849,0.0,0.0,2022-05-20
2022-06-03,8915.05,780.575,1965.015,6169.459999999999,-0.1353869840417261,-0.0898229629256461,0.0,0.0,2022-05-27
2022-06-10,8918.254,683.892,2140.277,6094.085000000001,-0.1464446041053124,-0.0979380752681415,0.0,0.0,2022-06-03
2022-06-17,8932.42,769.937,2162.924,5999.559,-0.1652029800851664,-0.1072463171707872,0.0,0.0,2022-06-10
2022-06-24,8934.346,745.052,2259.458,5929.835999999999,-0.1506116845260951,-0.1148356729843925,0.0,0.0,2022-06-17
2022-07-01,8913.553,759.845,2226.976,5926.732,-0.1419921087032828,-0.1227388373912006,0.0,0.0,2022-06-24
2022-07-08,8891.851,687.943,2168.026,6035.882000000001,-0.1247991842996637,-0.1294324191420983,0.0,0.0,2022-07-01
2022-07-15,8895.867,618.74,2155.29,6121.837,-0.0993999956449624,-0.132147278100556,0.0,0.0,2022-07-08
2022-07-22,8899.213,616.348,2240.204,6042.661,-0.0929242646524097,-0.1302446622842586,0.3846153846153846,0.0,2022-07-15
2022-07-29,8890.004,615.515,2188.994,6085.495000000001,-0.0823455740954107,-0.1282372731985971,1.1538461538461535,0.3846153846153846,2022-07-22
2022-08-05,8874.62,566.577,2182.238,6125.805000000002,-0.0648226781033825,-0.1240077660048901,1.5384615384615383,1.1538461538461535,2022-07-29
2022-08-12,8879.138,561.14,2177.646,6140.352000000001,-0.0639472055602063,-0.1191116412461679,2.3076923076923075,1.5384615384615383,2022-08-05
2022-08-19,8849.762,539.278,2199.631,6110.853000000001,-0.0705641065022355,-0.1142906937017703,3.076923076923077,2.3076923076923075,2022-08-12
2022-08-26,8851.436,530.196,2237.072,6084.168,-0.0684187580670153,-0.108220009875913,3.4615384615384617,3.076923076923077,2022-08-19
2022-09-02,8826.093,669.911,2251.025,5905.157000000001,-0.125199262275753,-0.1074363389708381,3.8461538461538463,3.4615384615384617,2022-08-26
2022-09-09,8822.401,582.921,2206.987,6032.493,-0.1136960979520566,-0.1049172231128954,4.615384615384615,3.8461538461538463,2022-09-02
2022-09-16,8832.759,617.997,2225.579,5989.183000000001,-0.1150054589771583,-0.1010558753353563,5.0,4.615384615384615,2022-09-09
2022-09-23,8816.802,690.286,2315.9,5810.616,-0.1247805852825083,-0.0990688677012342,5.384615384615385,5.0,2022-09-16
2022-09-30,8795.567,661.92,2366.798,5766.848999999999,-0.1340967929081739,-0.0984615357169951,5.769230769230769,5.384615384615385,2022-09-23
2022-10-07,8759.053,622.131,2230.799,5906.123,-0.1202103524111701,-0.0981085486486494,6.153846153846154,5.769230769230769,2022-09-30
2022-10-14,8758.969,583.513,2247.206,5928.249999999999,-0.1083092108319432,-0.0987938728938018,5.769230769230769,6.153846153846154,2022-10-07
2022-10-21,8743.922,640.613,2241.835,5861.474,-0.0532027216042901,-0.095738369582408,7.3076923076923075,5.769230769230769,2022-10-14
2022-10-28,8723.09,636.327,2186.856,5899.906999999999,-0.0461580337908456,-0.092954712635903,7.6923076923076925,7.3076923076923075,2022-10-21
2022-11-04,8676.87,552.089,2229.861,5894.920000000001,-0.0439702299338867,-0.0913506781613264,8.076923076923077,7.6923076923076925,2022-10-28
2022-11-11,8678.886,517.34,2237.812,5923.734,-0.0369252570410352,-0.0892720667367747,8.846153846153847,8.076923076923077,2022-11-04
2022-11-18,8625.62,472.185,2099.07,6054.365,-0.0084594758309883,-0.0844947874543711,9.23076923076923,8.846153846153847,2022-11-11
2022-11-25,8621.39,492.754,2069.174,6059.462,-0.0094208459248624,-0.0799564865203594,10.0,9.23076923076923,2022-11-18
2022-12-02,8584.576,532.791,2115.913,5935.871999999999,-0.0385973715375866,-0.0732948026174235,10.76923076923077,10.0,2022-11-25
2022-12-09,8582.735,410.853,2151.549,6020.3330000000005,-0.0121760552064645,-0.0654855685600702,13.846153846153848,10.76923076923077,2022-12-02
2022-12-16,8583.413,342.104,2192.864,6048.4450000000015,0.008115247686031,-0.0560147449705941,25.384615384615383,13.846153846153848,2022-12-09
2022-12-23,8564.411,434.922,2206.965,5922.523999999999,-0.0012338472553374,-0.0465111497377348,34.23076923076923,25.384615384615383,2022-12-16
2022-12-30,8551.169,409.809,2293.003,5848.357,-0.0133121978830936,-0.0372200270434979,36.92307692307692,34.23076923076923,2022-12-23
2023-01-06,8507.429,379.62,2229.542,5898.267,-0.0230634123927099,-0.0297471855036163,39.61538461538461,36.92307692307692,2022-12-30
2023-01-13,8508.587,346.426,2199.17,5962.990999999999,-0.0262900140504732,-0.0234380165204263,41.15384615384615,39.61538461538461,2023-01-06
2023-01-20,8489.039,377.5,2131.678,5979.861000000001,-0.0104471542960507,-0.0201491267274848,44.23076923076923,41.15384615384615,2023-01-13
2023-01-27,8470.557,572.622,2031.561,5866.374000000001,-0.0366713449389684,-0.0194193814311866,45.76923076923077,44.23076923076923,2023-01-20
2023-02-03,8433.61,500.852,2038.262,5894.496000000001,-0.0384911422151202,-0.0189979131451276,46.53846153846154,45.76923076923077,2023-01-27
2023-02-10,8435.369,495.838,2059.604,5879.9270000000015,-0.0433377226385523,-0.019491179729552,45.38461538461539,46.53846153846154,2023-02-03
2023-02-17,8384.767,439.703,2011.998,5933.066000000001,-0.0295252592055405,-0.0211116246045176,42.30769230769231,45.38461538461539,2023-02-10
2023-02-24,8382.19,451.307,2113.849,5817.034000000001,-0.044899477579236,-0.0238407501163925,41.15384615384615,42.30769230769231,2023-02-17
2023-03-03,8339.684,351.015,2133.95,5854.718999999999,-0.0085780342037368,-0.0215315703214809,42.69230769230769,41.15384615384615,2023-02-24
2023-03-10,8342.283,311.731,2193.237,5837.315,-0.0328894272911058,-0.0231249066356841,41.92307692307692,42.69230769230769,2023-03-03
2023-03-17,8639.3,277.643,2055.823,6305.833999999999,0.0515202278057704,-0.0197860620110888,46.53846153846154,41.92307692307692,2023-03-10
2023-03-24,8733.787,199.856,2279.608,6254.323,0.0735863153078983,-0.0140306648908399,51.15384615384615,46.53846153846154,2023-03-17
2023-03-31,8705.942,162.758,2264.862,6278.321999999999,0.0849769164913995,-0.0064699637851096,53.46153846153846,51.15384615384615,2023-03-24
2023-04-07,8632.384,140.688,2243.011,6248.685,0.0563814322278969,-0.0003588218912168,54.61538461538461,53.46153846153846,2023-03-31
2023-04-14,8614.797,86.554,2303.862,6224.381,0.0487449398114246,0.0054130976366214,55.76923076923077,54.61538461538461,2023-04-07
2023-04-21,8593.263,265.095,2294.677,6033.491000000002,0.0289246740636412,0.0084416998181362,56.53846153846154,55.76923076923077,2023-04-14
2023-04-28,8562.768,296.209,2279.561,5986.998,0.014653529810459,0.0123897671065537,57.69230769230769,56.53846153846154,2023-04-21
2023-05-05,8503.994,188.309,2258.222,6057.463000000002,0.0272001024849536,0.0174429397757901,58.46153846153846,57.69230769230769,2023-04-28
2023-05-12,8503.017,154.808,2233.149,6115.06,0.0317875877246137,0.023221809803726,59.61538461538461,58.46153846153846,2023-05-05
2023-05-19,8456.76,68.332,2213.676,6174.752,0.0196892202652125,0.0270075389937839,60.38461538461539,59.61538461538461,2023-05-12
2023-05-26,8436.255,49.473,2250.709,6136.072999999999,0.0125639437332327,0.0314278021716661,61.53846153846154,60.38461538461539,2023-05-19
2023-06-02,8385.854,48.512,2254.859,6082.482999999998,0.0243990584779543,0.0339645016087193,61.53846153846154,61.53846153846154,2023-05-26
2023-06-09,8389.325,77.5,2161.556,6150.269,0.0213532472937706,0.0381370150383252,64.23076923076923,61.53846153846154,2023-06-02
2023-06-16,8388.323,134.857,2109.105,6144.361000000001,0.0157335364168629,0.0353841926237938,62.69230769230769,64.23076923076923,2023-06-09
2023-06-23,8362.06,292.106,2037.102,6032.852,0.018457158030278,0.031143488217823,59.61538461538461,62.69230769230769,2023-06-16
2023-06-30,8340.914,408.561,1945.211,5987.142000000001,0.0234534026218912,0.0264109102278609,57.69230769230769,59.61538461538461,2023-06-23
2023-07-07,8298.312,446.864,1867.061,5984.387000000001,0.0144953320895385,0.0231889025249102,56.53846153846154,57.69230769230769,2023-06-30
2023-07-14,8296.923,517.418,1820.146,5959.359000000001,-0.000609275874698,0.0193924243952085,55.38461538461539,56.53846153846154,2023-07-07
2023-07-21,8274.552,537.441,1732.804,6004.307,0.004079721497037,0.0174812741977774,54.61538461538461,55.38461538461539,2023-07-14
2023-07-28,8243.344,549.897,1749.733,5943.713999999999,0.0130974647428922,0.0173615768848876,53.84615384615385,54.61538461538461,2023-07-21
2023-08-04,8206.764,460.926,1770.186,5975.651999999999,0.0136741790520649,0.0163211212362039,53.07692307692308,53.84615384615385,2023-07-28
2023-08-11,8208.241,432.262,1796.519,5979.46,0.0167859160143317,0.0151671464892591,52.30769230769231,53.07692307692308,2023-08-04
2023-08-18,8145.727,384.814,1796.725,5964.188,0.0052318074387172,0.0140550378102979,51.92307692307692,52.30769230769231,2023-08-11
2023-08-25,8139.066,416.031,1816.533,5906.502,0.0152632681675903,0.0142626781514024,51.92307692307692,51.92307692307692,2023-08-18
2023-09-01,8121.316,500.702,1696.819,5923.795,0.0117292880804224,0.0132880804285153,51.15384615384615,51.92307692307692,2023-08-25
2023-09-08,8101.318,481.552,1606.244,6013.522000000001,0.0297396693530273,0.0139331898176889,51.15384615384615,51.15384615384615,2023-09-01
2023-09-15,8098.779,537.364,1546.225,6015.1900000000005,-0.0471873000154543,0.0090931254767414,48.84615384615385,51.15384615384615,2023-09-08
2023-09-22,8024.09,661.717,1486.984,5875.389000000001,-0.0625006340437347,0.0028656030095097,46.15384615384615,48.84615384615385,2023-09-15
2023-09-29,8002.064,672.142,1442.805,5887.117,-0.0643363431763419,-0.0038874543595851,44.61538461538461,46.15384615384615,2023-09-22
2023-10-06,7955.782,678.959,1342.031,5934.792,-0.0515390604989296,-0.0089670230202365,42.69230769230769,44.61538461538461,2023-09-29
2023-10-13,7952.054,713.0,1239.382,5999.6720000000005,-0.0367691985883946,-0.0117485555366747,41.92307692307692,42.69230769230769,2023-10-06
2023-10-20,7933.162,841.103,1150.781,5941.278,-0.0154015201109682,-0.0132471125834443,40.76923076923077,41.92307692307692,2023-10-13
2023-10-27,7907.83,847.717,1100.617,5959.496,-0.0046042041428824,-0.0146087794208116,40.0,40.76923076923077,2023-10-20
2023-11-03,7866.664,753.008,1079.462,6034.194,-0.00384877419592,-0.0159566989014259,39.23076923076923,40.0,2023-10-27
2023-11-10,7860.691,763.459,1024.451,6072.781,-0.006937926018375,-0.0177816098270187,38.46153846153846,39.23076923076923,2023-11-03
2023-11-17,7814.991,669.976,944.241,6200.774,0.0042054032048114,-0.0178605639988576,38.07692307692308,38.46153846153846,2023-11-10
2023-11-24,7810.814,693.007,931.604,6186.203,0.0081365287651643,-0.0184087747221211,37.30769230769231,38.07692307692308,2023-11-17
2023-12-01,7796.145,753.57,914.187,6128.388000000001,0.0075187455925913,-0.0187326626058005,36.92307692307692,37.30769230769231,2023-11-24
2023-12-08,7737.385,667.678,846.498,6223.209000000001,0.0117898694114266,-0.0201134164474621,33.84615384615385,36.92307692307692,2023-12-01
2023-12-15,7739.566,630.618,823.329,6285.619,0.0227295750274468,-0.0147351952903158,39.61538461538461,33.84615384615385,2023-12-08
2023-12-22,7724.063,732.721,779.143,6212.1990000000005,0.0292950721291172,-0.0076739871231733,42.69230769230769,39.61538461538461,2023-12-15
2023-12-29,7712.781,713.064,818.869,6180.848,0.0318413091669764,-0.0002757061736873,45.38461538461539,42.69230769230769,2023-12-22
2024-01-05,7681.024,743.464,719.897,6217.6630000000005,0.0382402016357745,0.0066303909135975,47.30769230769231,45.38461538461539,2023-12-29
2024-01-12,7686.71,727.856,679.961,6278.893,0.0522307660989534,0.0134765420433935,50.76923076923077,47.30769230769231,2024-01-05
2024-01-19,7673.741,773.544,590.191,6310.006,0.0496595823820312,0.0184812422351627,55.0,50.76923076923077,2024-01-12
2024-01-26,7677.23,815.159,639.56,6222.511,0.0458393325253853,0.0223615142865679,55.38461538461539,55.0,2024-01-19
2024-02-02,7630.124,865.481,615.379,6149.264,0.0286391866568924,0.0248605881983228,57.30769230769231,55.38461538461539,2024-01-26
2024-02-09,7631.3,821.575,553.055,6256.67,0.0453178318134016,0.0288802618776902,58.84615384615385,57.30769230769231,2024-02-02
2024-02-16,7633.874,831.88,575.332,6226.661999999999,0.0430674757938262,0.0318696520768452,60.38461538461539,58.84615384615385,2024-02-09
2024-02-23,7581.683,788.759,574.882,6218.042,0.0514012881808312,0.0351977104934349,61.92307692307692,60.38461538461539,2024-02-16
2024-03-01,7567.807,767.672,569.855,6230.280000000001,0.0504439847994815,0.038499651970888,64.23076923076923,61.92307692307692,2024-02-23
2024-03-08,7538.857,760.55,456.847,6321.46,0.0499395939406487,0.0414342461654436,66.15384615384616,64.23076923076923,2024-03-01
2024-03-15,7541.969,748.388,521.738,6271.843,0.0417823142218641,0.0428998414880911,67.3076923076923,66.15384615384616,2024-03-08
2024-03-22,7514.348,812.605,496.245,6205.4980000000005,0.0546634026884366,0.0448512515311156,68.07692307692308,67.3076923076923,2024-03-15
2024-03-29,7484.739,772.26,518.357,6194.121999999999,0.0508343736895661,0.0463122564943918,68.07692307692308,68.07692307692308,2024-03-22
2024-04-05,7439.558,732.828,436.631,6270.098999999999,0.0549601628816658,0.0475984073594603,69.23076923076923,68.07692307692308,2024-03-29
2024-04-12,7438.176,672.537,445.816,6319.823,0.0519864003703559,0.0475796099957221,68.84615384615384,69.23076923076923,2024-04-05
2024-04-19,7405.506,929.932,440.508,6035.066000000001,0.0156625289472261,0.0449644520391986,66.92307692307692,68.84615384615384,2024-04-12
2024-04-26,7402.434,929.379,441.215,6031.84,0.0120661914117636,0.0423665181073815,65.0,66.92307692307692,2024-04-19
2024-05-03,7362.474,890.442,438.148,6033.884,-5.1375206568578346e-05,0.0401595518101922,62.30769230769231,65.0,2024-04-26
2024-05-10,7353.408,816.809,493.427,6043.1720000000005,-0.0048876153520172,0.0362975943359292,59.61538461538461,62.30769230769231,2024-05-03
2024-05-17,7304.272,706.108,443.779,6154.385,-0.007509287090047,0.0324070741140928,55.76923076923077,59.61538461538461,2024-05-10
2024-05-24,7299.566,710.882,496.382,6092.302000000001,-0.0152954827456817,0.0272765532735918,52.69230769230769,55.76923076923077,2024-05-17
2024-05-31,7284.319,716.02,459.314,6108.985000000001,-0.0031711080898805,0.0231523153590255,49.61538461538461,52.69230769230769,2024-05-24
2024-06-07,7255.687,703.314,371.841,6180.531999999999,-0.0068813382037258,0.0187814744248428,47.69230769230769,49.61538461538461,2024-05-31
2024-06-14,7258.974,650.212,447.574,6161.188000000001,-0.0199947095634009,0.0140293956721301,43.07692307692308,47.69230769230769,2024-06-07
2024-06-21,7252.542,782.158,375.542,6094.842,-0.0190720998351304,0.0083574339395481,39.23076923076923,43.07692307692308,2024-06-14
2024-06-28,7231.163,744.206,490.156,5996.801,-0.0302293185072101,0.0021217653090268,36.15384615384615,39.23076923076923,2024-06-21
2024-07-05,7221.52,745.608,425.898,6050.014,-0.0273335265870108,-0.0042085184962559,33.84615384615385,36.15384615384615,2024-06-28
2024-07-12,7224.079,722.328,422.147,6079.604,-0.0322541287787147,-0.0106885592000306,30.76923076923077,33.84615384615385,2024-07-05
2024-07-19,7208.247,766.779,399.401,6042.067000000001,-0.0433904554779415,-0.015231096463505,27.692307692307693,30.76923076923077,2024-07-12
2024-07-26,7205.455,767.419,399.121,6038.915,-0.0299491629875735,-0.0184630468019156,24.615384615384617,27.692307692307693,2024-07-19
2024-08-02,7178.391,854.001,413.2,5911.19,-0.0394852350730929,-0.0214964206378021,18.07692307692308,24.615384615384617,2024-07-26
2024-08-09,7175.256,785.233,286.66,6103.363,-0.0248081639568795,-0.0230287705304838,16.923076923076923,18.07692307692308,2024-08-02
2024-08-16,7177.688,788.823,328.472,6060.393,-0.0270657452040328,-0.0245331134623288,15.76923076923077,16.923076923076923,2024-08-09
2024-08-23,7139.952,734.727,321.329,6083.896000000001,-0.0218097859633692,-0.0250342137098433,15.76923076923077,15.76923076923077,2024-08-16
2024-08-30,7123.238,757.077,388.89,5977.271,-0.0414571663235658,-0.0279792951124344,15.76923076923077,15.76923076923077,2024-08-23
2024-09-06,7112.567,771.047,337.312,6004.2080000000005,-0.0514896373955848,-0.0314107027425775,15.0,15.76923076923077,2024-08-30
2024-09-13,7115.001,725.577,279.215,6110.209,-0.0261092720292514,-0.031881053701489,15.0,15.0,2024-09-06
2024-09-20,7109.137,839.398,305.831,5963.907999999999,-0.0397097023978021,-0.0334685615909253,15.0,15.0,2024-09-13
2024-09-27,7080.059,778.91,416.193,5884.956,-0.0512015137887269,-0.0350818073818112,15.0,15.0,2024-09-20
2024-10-04,7046.925,823.412,383.398,5840.115,-0.071041655566784,-0.0384439711494861,14.23076923076923,15.0,2024-09-27
2024-10-11,7046.84,787.395,343.448,5915.996999999999,-0.0660311636884344,-0.0410422046040799,14.23076923076923,14.23076923076923,2024-10-04
2024-10-18,7039.284,814.751,272.028,5952.504999999999,-0.0137746513334349,-0.0387640658237333,14.615384615384617,14.23076923076923,2024-10-11
2024-10-25,7029.408,817.41,270.839,5941.159000000001,-0.0151478729682561,-0.0376255050530165,15.384615384615383,14.615384615384617,2024-10-18
2024-11-01,7013.49,847.137,228.946,5937.407,-0.0161184100767875,-0.0358280569763776,16.53846153846154,15.384615384615383,2024-10-25
2024-11-08,6994.299,840.227,177.871,5976.201,-0.0111439578554239,-0.0347769641993426,17.307692307692307,16.53846153846154,2024-11-01
2024-11-15,6967.108,808.857,238.106,5920.145,-0.0388038940397699,-0.0356798987251685,16.923076923076923,17.307692307692307,2024-11-08
2024-11-22,6923.731,737.834,217.793,5968.104,-0.0205967179918902,-0.0355865858042855,17.307692307692307,16.923076923076923,2024-11-15
2024-11-29,6905.14,782.704,169.815,5952.621000000001,-0.0259290115052077,-0.0343921123567195,18.46153846153846,17.307692307692307,2024-11-22
2024-12-06,6895.827,815.011,162.866,5917.950000000001,-0.0434142467649106,-0.0337709284620523,18.846153846153847,18.46153846153846,2024-11-29
2024-12-13,6897.485,711.354,180.12,6006.011,-0.0255088150324448,-0.0337247394622979,19.23076923076923,18.846153846153847,2024-12-06
2024-12-20,6889.332,803.975,131.651,5953.706,-0.0234289569042243,-0.0324723744243304,20.0,19.23076923076923,2024-12-13
2024-12-27,6885.963,735.039,180.989,5969.935,-0.004490120804456,-0.0288791903486172,21.923076923076923,20.0,2024-12-20
2025-01-03,6852.491,721.892,473.46,5657.139,-0.0671422987029521,-0.0285792398206302,22.307692307692307,21.923076923076923,2024-12-27
2025-01-10,6853.554,620.531,185.144,6047.879,-0.0052319302146345,-0.023902375707261,23.846153846153847,22.307692307692307,2025-01-03
2025-01-17,6834.07,651.187,119.977,6062.906,0.0034430511470777,-0.0225779370549138,25.76923076923077,23.846153846153847,2025-01-10
2025-01-24,6831.76,665.485,123.981,6042.294000000001,0.0005593811162625,-0.0213696867407201,26.923076923076923,25.76923076923077,2025-01-17
2025-01-31,6818.186,811.549,121.842,5884.795,-0.0044752590060286,-0.0204740597352771,28.07692307692308,26.923076923076923,2025-01-24
2025-02-07,6810.935,817.953,78.788,5914.194,-0.0314847063289968,-0.0220387326947827,26.153846153846157,28.07692307692308,2025-01-31
2025-02-14,6813.513,809.154,67.67,5936.689,-0.0206230789057212,-0.020640208453702,28.46153846153846,26.153846153846157,2025-02-07
2025-02-21,6782.332,738.938,73.196,5970.198,-0.0188651875501655,-0.0205070138043386,28.846153846153847,28.46153846153846,2025-02-14
2025-02-28,6766.101,568.55,126.058,6071.493,0.0156404292973818,-0.0173093645118317,33.84615384615385,28.846153846153847,2025-02-21
2025-03-07,6756.764,522.818,139.493,6094.453,0.0149184564705642,-0.0128222334937183,36.92307692307692,33.84615384615385,2025-02-28
2025-03-14,6759.571,450.713,131.055,6177.803,0.0110017278279987,-0.0100137301967611,38.07692307692308,36.92307692307692,2025-03-07
2025-03-21,6755.982,415.799,193.378,6146.805,0.0302064637352419,-0.0058879286091098,40.0,38.07692307692308,2025-03-14
2025-03-28,6740.253,315.97,241.371,6182.911999999999,0.049390093853187,-0.001743296712368,41.15384615384615,40.0,2025-03-21
2025-04-04,6723.452,301.624,233.488,6188.34,0.0579163878292636,0.0078766022516485,45.38461538461539,41.15384615384615,2025-03-28
2025-04-11,6727.416,315.189,168.115,6244.112,0.0539789019630132,0.0124312816499291,48.07692307692308,45.38461538461539,2025-04-04
2025-04-18,6727.113,638.783,54.772,6033.558,0.0135247471177019,0.0132067967245925,48.46153846153846,48.07692307692308,2025-04-11
2025-04-25,6726.93,576.159,171.78,5978.991000000001,0.0063475924425345,0.0136520437496903,49.61538461538461,48.46153846153846,2025-04-18
2025-05-02,6709.277,677.657,250.601,5781.019,-0.0266925413566472,0.011943022030412,47.69230769230769,49.61538461538461,2025-04-25
2025-05-09,6710.889,595.86,154.859,5960.17,-0.0026860776426361,0.014158301160132,51.53846153846154,47.69230769230769,2025-05-02
2025-05-16,6713.27,562.433,165.024,5985.813,0.0110312275443679,0.0165932478101389,53.07692307692308,51.53846153846154,2025-05-09
2025-05-23,6688.726,475.886,162.802,6050.038,0.0136352639916778,0.0190932825441269,56.15384615384615,53.07692307692308,2025-05-16
2025-05-30,6673.244,436.627,173.641,6062.976,0.018369141879615,0.0193031835119909,56.53846153846154,56.15384615384615,2025-05-23
2025-06-06,6672.885,376.16,168.882,6127.843000000001,0.0348527068635949,0.0208365873883779,57.30769230769231,56.53846153846154,2025-05-30
2025-06-13,6677.155,277.025,204.625,6195.505,0.0310632280501579,0.0223797797131594,58.07692307692308,57.30769230769231,2025-06-06
2025-06-20,6681.056,383.851,205.05,6092.155,0.0229879951080509,0.0218245128956832,57.69230769230769,58.07692307692308,2025-06-13
2025-06-27,6662.2,334.579,210.879,6116.742,0.0242935622598774,0.0198940104654286,57.30769230769231,57.69230769230769,2025-06-20
2025-07-04,6659.598,372.232,237.307,6050.059,0.0671497366746073,0.0206042680689166,57.69230769230769,57.30769230769231,2025-06-27
2025-07-11,6661.912,311.048,227.273,6123.591,0.0124410570876767,0.0174090492323522,54.23076923076923,57.69230769230769,2025-07-04
2025-07-18,6659.273,312.085,197.086,6150.102,0.0142794439533061,0.017467102835091,55.0,54.23076923076923,2025-07-11
2025-07-25,6657.715,333.538,189.632,6134.545,0.0151521696184051,0.0181443780024657,55.76923076923077,55.0,2025-07-18
2025-08-01,6642.578,419.446,155.481,6067.651000000001,0.0305996392193825,0.0225514688160064,60.76923076923077,55.76923076923077,2025-07-25
2025-08-08,6640.843,464.315,91.966,6084.562,0.0283995191600702,0.0249426685700607,63.46153846153846,60.76923076923077,2025-08-01
2025-08-15,6643.615,515.469,57.202,6070.944,0.0223625413673398,0.0258143080949047,63.84615384615385,63.46153846153846,2025-08-08
2025-08-22,6618.415,526.063,34.999,6057.353,0.0144928132933407,0.0258802734258019,64.23076923076923,63.84615384615385,2025-08-15
2025-08-29,6603.384,595.798,34.744,5972.842000000001,-0.0163816775521541,0.0232071334695119,62.30769230769231,64.23076923076923,2025-08-22
2025-09-05,6602.071,661.939,17.923,5922.209,-0.0286694920249742,0.0183208104780835,56.53846153846154,62.30769230769231,2025-08-29
2025-09-12,6605.962,667.585,29.4,5908.977000000001,-0.0444899866574084,0.0125090247313477,48.84615384615385,56.53846153846154,2025-09-05
2025-09-19,6608.597,807.142,13.963,5787.492,-0.0602333975081081,0.0061073791454893,44.23076923076923,48.84615384615385,2025-09-12
2025-09-26,6608.395,757.97,29.172,5821.253000000001,-0.060273827234414,-0.0003978046617638,41.53846153846154,44.23076923076923,2025-09-19
2025-10-03,6587.119,819.378,10.179,5757.562,-0.0721527550388736,-0.0111133809474162,37.69230769230769,41.53846153846154,2025-09-26
2025-10-10,6590.815,794.054,5.231,5791.53,-0.075242434330019,-0.0178582649026236,33.46153846153846,37.69230769230769,2025-10-03
2025-10-17,6596.454,851.952,5.484,5739.017999999999,-0.0500487709232043,-0.0228065891238936,25.76923076923077,33.46153846153846,2025-10-10
2025-10-24,6589.533,905.074,4.005,5680.454000000001,-0.0512206655128686,-0.0279121918262993,23.07692307692308,25.76923076923077,2025-10-17
2025-10-31,6587.034,983.859,19.504,5583.670999999999,-0.0347335193373402,-0.0329378194075857,20.0,23.07692307692308,2025-10-24
2025-11-07,6572.732,942.7,12.814,5617.218,-0.0592624806101553,-0.0396810501591415,14.615384615384617,20.0,2025-10-31
2025-11-14,6580.462,943.145,5.886,5631.4310000000005,-0.0610285854612322,-0.0460957522228778,13.846153846153848,14.615384615384617,2025-11-07
2025-11-21,6555.283,900.832,1.129,5653.322,-0.0678212160381034,-0.0524276006329889,13.076923076923077,13.846153846153848,2025-11-14
2025-11-28,6552.419,899.678,2.217,5650.524,-0.0704524844245596,-0.0565868934693278,12.692307692307692,13.076923076923077,2025-11-21
2025-12-05,6535.781,908.523,2.514,5624.744,-0.0856673760619406,-0.0609713460875559,12.307692307692308,12.692307692307692,2025-11-28
2025-12-12,6539.303,805.827,5.045,5728.431,-0.0783823578704173,-0.0635784515654797,12.307692307692308,12.307692307692308,2025-12-05
2025-12-19,6556.861,861.417,10.361,5685.083,-0.0691561509934233,-0.0642648172181963,11.923076923076923,12.307692307692308,2025-12-12
2025-12-26,6581.231,801.537,4.803,5774.891,-0.0575102200620637,-0.0640522320510924,12.307692307692308,11.923076923076923,2025-12-19
2026-01-02,6640.618,872.853,105.993,5661.772,-0.0663311066387788,-0.0636044129433928,12.692307692307692,12.307692307692308,2025-12-26
2026-01-09,6573.602,783.571,4.582,5785.449,-0.0568027169969171,-0.0621859731485388,13.846153846153848,12.692307692307692,2026-01-02
2026-01-16,6581.7,777.061,3.223,5801.416,-0.0583666413601514,-0.0628258093359963,13.846153846153848,13.846153846153848,2026-01-09
2026-01-23,6584.58,871.169,3.344,5710.067,-0.0717051533839372,-0.0644015391722323,11.923076923076923,13.846153846153848,2026-01-16
2026-01-30,6587.568,952.705,1.103,5633.76,-0.0741944749625531,-0.0674369972972487,11.538461538461538,11.923076923076923,2026-01-23
2026-02-06,6605.909,907.737,2.414,5695.758,-0.0660330563173456,-0.0679578108131864,11.538461538461538,11.538461538461538,2026-01-30
2026-02-13,6622.382,910.533,1.048,5710.801,-0.0611548178854957,-0.0679675209996682,11.538461538461538,11.538461538461538,2026-02-06
2026-02-20,6613.395,888.854,0.856,5723.685,-0.0566600772436452,-0.0671089718616329,12.692307692307692,11.538461538461538,2026-02-13
2026-02-27,6613.797,838.975,1.159,5773.663,-0.0339161465787329,-0.0642984843350309,13.846153846153848,12.692307692307692,2026-02-20
2026-03-06,6628.894,846.979,0.877,5781.038,-0.0241262698517265,-0.0595645530880913,17.307692307692307,13.846153846153848,2026-02-27
2026-03-13,6646.344,805.806,0.552,5839.986000000001,-0.011744320411399,-0.0544385502066284,18.846153846153847,17.307692307692307,2026-03-06
2026-03-20,6655.939,875.833,0.698,5779.408,-0.0013977818285288,-0.049226367963175,20.0,18.846153846153847,2026-03-13
2026-03-27,6657.161,837.412,0.777,5818.972,-0.0003919168279302,-0.0448326523297801,21.153846153846157,20.0,2026-03-20
2026-04-03,6675.344,803.553,2.107,5869.684,0.0192866781240838,-0.038246668886483,23.46153846153846,21.153846153846157,2026-03-27
2026-04-10,6693.871,697.079,0.177,5996.615000000001,0.0347986379774666,-0.0312004108115304,30.0,23.46153846153846,2026-04-03
2026-04-17,6705.696,924.435,0.223,5781.0380000000005,0.0072951357797315,-0.0261495048776932,32.69230769230769,30.0,2026-04-10
2026-04-24,6707.419,1007.172,0.538,5699.709,0.003383961789369,-0.0203734190951312,40.0,32.69230769230769,2026-04-17
2026-05-01,6699.95,988.102,0.747,5711.101,0.0225653793091083,-0.0129303533819265,48.07692307692308,40.0,2026-04-24
2026-05-08,6709.505,862.757,1.633,5845.115000000001,0.0397697461160766,-0.0047916762716632,52.30769230769231,48.07692307692308,2026-05-01
2026-05-15,6728.502,807.42,3.719,5917.363,0.0495273265468799,0.0037223348385194,56.15384615384615,52.30769230769231,2026-05-08
2026-05-22,6713.643,781.979,24.867,5906.797,0.0438603847514835,0.011454678068914,59.61538461538461,56.15384615384615,2026-05-15
2026-05-29,6704.383,842.66,1.853,5859.87,0.0363791348217231,0.0168620074074106,66.53846153846153,59.61538461538461,2026-05-22
2026-06-05,6711.495,845.722,2.062,5863.711,0.0416072436608071,0.0219184315237593,73.07692307692308,66.53846153846153,2026-05-29
2026-06-12,6725.397,801.084,0.387,5923.926,0.0335577335267418,0.0254032049036163,77.3076923076923,73.07692307692308,2026-06-05
2026-06-19,6736.424,956.502,6.828,5773.094,0.0153624317215191,0.0266924520997739,78.84615384615384,77.3076923076923,2026-06-12
2026-06-26,6735.645,901.845,4.534,5829.2660000000005,0.0093717101508284,0.0274435003289091,80.0,78.84615384615384,2026-06-19
2026-07-03,6724.564,807.359,1.001,5916.204,0.0439581095901213,0.0293413027493736,81.15384615384616,80.0,2026-06-26
2026-07-10,6735.609,749.244,3.347,5983.018000000001,0.0335791507734212,0.0292474960413701,80.76923076923077,81.15384615384616,2026-07-03
2026-07-17,6743.028,795.976,0.151,5946.901000000001,0.0247682178503678,0.0305915792775729,81.92307692307692,80.76923076923077,2026-07-10
2026-07-24,6747.378,835.417,0.376,5911.584999999999,0.0346832275715063,0.032999215106968,83.84615384615384,81.92307692307692,2026-07-17
2026-07-31,6738.19,970.442,2.576,5765.172,0.0230579184506637,0.0330371027332415,84.23076923076923,83.84615384615384,2026-07-24
2026-08-07,6748.567,929.325,1.65,5817.592000000001,0.0211647431704441,0.0316059486605006,83.07692307692308,84.23076923076923,2026-07-31
2026-08-14,6759.955,959.405,0.725,5799.825,0.0154684506436562,0.0289860351294834,80.76923076923077,83.07692307692308,2026-08-07
2026-08-21,6745.699,936.406,0.317,5808.976,0.0147914787484274,0.0267499654369406,79.23076923076923,80.76923076923077,2026-08-14
2026-08-28,6730.912,959.435,0.702,5770.775000000001,-0.0005003275274628,0.0239130837177724,76.53846153846153,79.23076923076923,2026-08-21
2026-09-04,6737.204,944.364,0.525,5792.3150000000005,0.0019487876277442,0.0208624332536907,72.6923076923077,76.53846153846153,2026-08-28
2026-09-11,6740.619,843.705,0.432,5896.482,0.0096275023078832,0.0190216462368554,70.38461538461539,72.6923076923077,2026-09-04
2026-09-18,6746.548,991.708,5.375,5749.465,-0.005194448291266,0.0174403477743335,67.6923076923077,70.38461538461539,2026-09-11
2026-09-25,6746.548,991.708,0.276,5754.564,-0.0111303347442364,0.01586326739779,65.38461538461539,67.6923076923077,2026-09-18
